Date,SPTR Index,AAPL,ABBV,ADM,AMT,AMZN,APO,AVGO,BAC,BAH,BRK/B,CBT,CMCSA,COLM,COP,CRM,CRSP,CVX,DD,DEO,DHI,DIS,DXCM,ELF,ELV,EW,FIDU,FDX,FTNT,GEV,GLD,GLW,GOOG,HCA,HEI/A,HES,HII,INTC,JPM,KBH,KO,LKQ,LLY,LMT,LULU,LYB,MSFT,NCLH,NEE,NOC,NVDA,OKE,PENN,PSX,PTON,PYPL,RDDT,RUM,SEDG,SHEL,SHOP,SMIN,SNVXX,XYZ,SQM,STZ,SWK,TLRY,TMUS,TSLA,TTWO,TWLO,ULTA,UNH,V,VALE,VFH,VOO,VRTX,WMT,WTRG,ZTS
2025-01-01,12911.822,250.42,177.7,50.52,183.41,219.39,165.16,231.84,43.95,128.7,453.28,91.31,35.159,83.93,99.17,334.33,39.36,144.84,31.892,127.13,139.82,111.35,77.77,125.55,368.9,74.03,70.31,281.33,94.48,328.93,242.13,47.52,190.44,300.15,186.08,133.01,188.97,20.05,239.71,65.72,62.26,36.75,772.0,485.94,382.41,74.27,421.5,25.73,71.69,469.29,134.29,100.4,19.82,113.93,8.7,85.35,163.44,13.01,13.6,62.65,106.33,76.45,1,84.99,36.36,221.0,80.29,13.3,220.73,403.84,184.08,108.08,434.93,505.86,316.04,8.87,118.07,538.81,402.7,90.35,36.32,162.93
2025-01-02,12883.578,243.85,179.44,50.22,181.03,220.22,165.86,231.98,44.29,128.12,451.1,88.88,35.056,82.67,100.08,330.66,41.43,146.71,31.549,126.12,137.64,110.82,78.5,122.99,365.83,72.59,69.98,274.28,94.75,338.94,245.42,46.71,190.63,297.75,185.91,135.42,187.61,20.22,240.0,64.64,61.84,36.24,778.07,482.25,372.31,72.78,418.58,25.92,71.61,468.01,138.31,101.77,19.24,114.41,8.83,86.18,165.91,12.4,14.8,63.1,107.53,76.95,1,86.75,36.05,222.57,79.88,14.6,219.53,379.28,183.07,109.07,429.16,504.51,314.4,8.88,117.83,537.46,405.76,90.0,36.04,162.61
2025-01-03,13046.885,243.36,181.22,50.05,182.56,224.19,169.06,232.55,44.81,131.93,453.56,88.5,35.29,82.67,101.09,332.9,41.02,147.85,31.264,121.38,139.89,111.16,81.07,125.39,371.56,73.91,71.01,274.41,97.47,354.03,243.49,47.5,193.13,296.7,186.25,136.39,188.08,20.56,243.28,65.46,61.75,36.59,781.98,481.82,378.18,72.77,423.35,25.42,71.99,467.82,144.47,102.9,18.76,116.09,9.07,87.6,177.74,13.43,15.28,64.52,109.25,77.16,1,92.16,36.7,221.92,80.76,14.5,219.11,410.44,188.75,113.09,431.35,513.0,314.91,8.63,118.9,544.4,407.11,90.78,36.16,163.31
2025-01-06,13120.136,245.0,180.1,49.63,180.26,227.61,169.1,236.41,45.4,130.74,451.41,88.73,35.122,83.1,99.99,330.53,42.43,147.26,31.477,125.32,139.36,111.05,79.88,125.73,379.65,73.54,70.93,273.97,97.94,371.32,243.19,48.34,197.96,296.92,179.68,135.92,186.7,19.87,240.85,65.07,60.81,36.76,765.1,466.0,395.31,73.86,427.85,25.64,71.24,455.14,149.43,101.62,19.67,115.17,8.91,89.53,179.49,13.77,16.29,64.75,114.24,75.36,1,91.94,38.55,222.93,82.65,14.0,212.38,411.05,188.98,113.01,431.3,513.67,313.04,8.62,118.58,547.57,402.49,91.43,35.44,165.9
2025-01-07,12974.588,242.21,179.53,49.43,177.17,222.11,162.45,228.64,46.08,129.24,452.92,88.72,34.831,82.4,101.67,324.93,41.92,149.59,31.402,124.88,137.84,111.39,79.35,127.74,380.75,73.64,70.71,275.0,95.93,368.52,244.56,47.85,196.71,308.21,177.08,138.61,189.05,20.01,243.17,64.47,60.84,36.49,773.29,463.96,393.46,73.9,422.37,25.51,70.43,452.39,140.14,101.61,19.0,115.19,8.74,87.97,172.32,13.28,17.59,65.93,106.78,76.19,1,87.68,39.27,218.51,81.65,14.5,212.335,394.36,181.75,109.82,428.27,514.25,311.67,8.56,118.27,541.41,408.32,90.81,35.27,163.49
2025-01-08,12995.133,242.7,178.5,49.84,179.19,222.13,161.98,229.31,46.21,130.08,451.84,87.7,34.822,82.62,101.62,326.9,41.29,150.3,31.139,125.44,139.9,109.76,80.09,127.6,383.24,74.15,70.96,274.9,96.04,366.48,245.86,47.73,195.39,311.25,178.87,139.81,189.66,19.88,243.13,65.34,61.71,36.34,787.22,468.85,392.92,73.03,424.56,25.92,70.66,462.21,140.11,102.85,18.29,116.25,8.63,87.94,172.01,11.65,14.99,64.72,107.64,75.06,1,86.75,39.04,219.28,81.56,13.7,215.52,394.94,183.74,111.06,415.14,524.52,312.6,8.5,118.46,542.14,412.11,91.8,35.0,165.02
2025-01-09,12995.133,242.7,178.5,49.84,179.19,222.13,161.98,229.31,46.21,130.08,451.84,87.7,34.822,82.62,101.62,326.9,41.29,150.3,31.139,125.44,139.9,109.76,80.09,127.6,383.24,74.15,70.96,274.9,96.04,366.48,245.86,47.73,195.39,311.25,178.87,139.81,189.66,19.88,243.13,65.34,61.71,36.34,787.22,468.85,392.92,73.03,424.56,25.92,70.66,462.21,140.11,102.85,18.29,116.25,8.63,87.94,172.01,11.65,14.99,64.72,107.64,75.06,1,86.75,39.04,219.28,81.56,13.7,215.52,394.94,183.74,111.06,415.14,524.52,312.6,8.5,118.46,542.14,412.11,91.8,35.0,165.02
2025-01-10,12797.392,236.85,175.17,51.09,173.46,218.94,155.39,224.31,45.11,132.47,442.66,86.71,34.063,82.57,101.92,317.85,39.69,153.14,30.407,118.23,136.52,108.65,77.76,124.89,381.15,73.42,70.08,270.73,94.56,367.1,248.21,47.12,193.17,302.82,177.92,142.41,190.02,19.15,239.87,63.19,61.07,36.27,799.9,468.05,395.47,72.48,418.95,25.79,67.38,458.69,135.91,101.75,19.19,113.93,8.86,83.36,167.08,10.96,14.71,64.94,103.71,72.61,1,82.54,38.37,181.81,80.09,12.3,211.3,394.74,178.61,108.08,418.23,520.69,307.71,8.5,115.47,533.89,409.56,93.0,34.08,163.32
2025-01-13,12817.561,234.4,176.74,52.12,176.94,218.46,154.8,225.29,45.06,135.12,443.91,89.33,34.148,83.2,104.23,319.07,38.85,155.35,31.13,116.67,138.4,108.08,79.84,132.12,396.49,71.09,70.835,274.59,93.83,366.81,245.74,46.58,192.29,308.18,178.79,144.83,195.14,19.2,244.21,64.08,61.65,36.49,797.48,483.16,398.86,75.15,417.19,25.63,66.96,472.38,133.23,103.98,19.77,115.98,8.96,83.99,164.65,10.92,14.46,64.96,101.76,70.97,1,82.01,38.9,185.91,80.89,11.8,213.46,403.31,178.76,107.96,403.94,541.14,306.92,8.51,116.19,534.58,413.37,91.53,33.74,166.32
2025-01-14,12832.285,233.28,175.55,51.19,178.8,217.76,159.33,224.7,45.78,136.14,450.03,89.37,34.082,83.43,104.88,323.54,38.36,156.9,31.486,114.5,143.16,108.12,79.17,131.48,393.16,71.04,71.74,277.62,92.49,382.26,247.03,47.43,191.05,305.79,181.48,146.68,197.43,19.2,247.47,67.17,62.04,37.29,744.91,484.46,388.74,75.31,415.67,26.0,67.98,475.5,131.76,106.04,20.65,117.27,8.73,87.18,164.82,10.21,14.25,65.91,101.61,71.69,1,82.42,40.06,182.2,82.36,11.8,214.18,396.36,180.03,108.69,404.06,543.74,309.09,8.62,117.95,535.26,411.66,90.79,34.11,164.41
2025-01-15,13068.565,237.87,171.35,51.14,180.32,223.35,164.85,228.0,47.1,136.07,458.51,90.98,34.194,82.94,105.48,321.16,39.04,158.33,31.887,115.94,145.41,108.18,80.4,128.41,389.29,70.28,72.39,276.59,93.06,387.03,248.88,48.81,196.98,306.25,181.22,148.92,198.7,19.72,252.35,68.52,61.77,37.82,746.74,483.97,376.66,76.08,426.31,26.02,69.29,472.3,136.24,106.88,20.17,119.0,8.97,89.64,170.69,10.88,14.5,66.36,104.24,72.1,1,84.79,40.27,180.72,83.39,11.8,214.2,428.22,181.32,112.36,407.38,543.42,316.28,8.76,121.06,545.05,424.26,91.34,34.49,167.17
2025-01-16,13041.194,228.26,173.7,51.01,190.07,220.66,165.92,229.41,46.64,136.3,462.81,90.2,34.016,82.84,105.61,320.0,40.3,159.38,32.063,117.37,146.6,106.46,84.84,133.91,385.26,69.86,73.22,277.37,94.05,391.0,250.6,49.24,194.41,309.44,187.14,149.73,201.02,19.67,254.27,68.25,62.25,38.39,757.6,486.86,370.99,76.63,424.58,26.44,71.37,481.19,133.57,108.66,20.46,119.63,8.49,88.92,174.87,12.25,14.21,66.45,103.5,72.36,1,86.38,40.04,184.57,83.97,11.8,215.75,413.82,183.37,114.63,413.33,510.59,317.25,8.77,121.67,544.24,416.96,91.3,35.14,169.37
2025-01-17,13171.751,229.98,171.56,51.29,190.39,225.94,166.99,237.44,46.53,136.06,467.95,91.27,34.269,83.62,105.85,324.56,40.53,161.47,32.402,118.79,147.65,107.02,84.38,126.95,385.29,69.78,73.6,275.1,94.23,401.41,249.27,49.84,197.55,310.45,188.03,151.35,202.55,21.49,259.16,67.89,62.71,38.46,725.72,490.32,373.7,77.3,429.03,27.17,70.76,482.38,137.71,108.96,20.02,120.53,8.27,91.81,175.33,12.9,13.91,66.72,103.35,72.36,1,86.96,40.16,184.31,84.27,12.0,218.97,426.5,186.41,111.94,405.01,509.76,319.62,8.94,122.8,549.46,422.0,91.94,35.01,165.89
2025-01-20,13171.751,229.98,171.56,51.29,190.39,225.94,166.99,237.44,46.53,136.06,467.95,91.27,34.269,83.62,105.85,324.56,40.53,161.47,32.402,118.79,147.65,107.02,84.38,126.95,385.29,69.78,73.6,275.1,94.23,401.41,249.27,49.84,197.55,310.45,188.03,151.35,202.55,21.49,259.16,67.89,62.71,38.46,725.72,490.32,373.7,77.3,429.03,27.17,70.76,482.38,137.71,108.96,20.02,120.53,8.27,91.81,175.33,12.9,13.91,66.72,103.35,72.36,1,86.96,40.16,184.31,84.27,12.0,218.97,426.5,186.41,111.94,405.01,509.76,319.62,8.94,122.8,549.46,422.0,91.94,35.01,165.89
2025-01-21,13287.579,222.64,172.61,51.22,189.93,230.71,169.24,240.31,46.66,142.45,468.57,92.51,34.635,87.23,104.28,326.84,41.51,158.24,32.816,119.73,143.7,108.7,86.32,118.49,389.22,69.97,75.14,275.57,97.2,416.0,253.13,51.55,199.63,318.47,191.58,148.66,208.61,21.77,263.03,67.03,62.42,39.21,742.35,506.29,372.81,77.73,428.5,27.04,70.85,504.45,140.83,109.85,20.65,120.49,8.44,89.77,188.32,12.85,13.7,66.77,106.28,71.77,1,89.5,39.85,183.08,86.62,11.7,219.49,424.07,185.14,113.88,422.16,524.99,323.63,8.98,123.98,554.46,427.89,93.08,34.93,167.53
2025-01-22,13369.361,223.83,169.2,50.52,185.29,235.01,168.9,240.91,45.79,143.06,460.51,91.58,34.766,87.67,103.06,332.62,44.2,156.41,32.465,117.65,146.93,108.81,87.09,116.69,390.73,69.04,75.04,270.43,98.24,427.1,254.43,54.01,200.03,319.51,191.85,145.59,205.17,21.86,262.84,67.85,61.78,39.02,753.98,499.34,382.82,77.08,446.2,26.26,68.49,502.41,147.07,106.3,20.21,118.55,8.35,89.85,183.74,12.61,13.05,65.95,106.37,70.5,1,87.48,38.48,178.96,86.3,11.3,218.18,415.11,187.99,112.65,418.44,519.72,323.56,8.87,123.49,557.61,428.0,93.23,33.61,166.63
2025-01-23,13440.609,223.66,170.67,50.66,186.39,235.42,169.75,240.28,46.39,136.19,459.83,89.41,35.103,89.52,103.99,334.66,44.23,156.01,32.711,118.98,145.24,111.04,87.7,118.38,401.36,68.93,75.54,270.03,97.45,437.71,254.07,53.98,199.58,325.36,190.66,144.86,204.14,21.57,265.95,67.72,61.53,38.64,766.6,497.28,387.85,77.36,446.71,26.42,69.23,499.77,147.22,104.89,19.89,122.62,8.45,89.73,181.99,12.98,13.58,66.66,106.1,71.75,1,87.8,39.06,179.5,88.49,11.2,216.04,412.38,183.82,113.4,418.55,529.77,328.21,8.89,124.12,560.7,439.73,93.81,33.6,166.96
2025-01-24,13403.506,222.78,170.3,50.51,185.08,234.85,172.06,244.7,46.52,133.44,463.19,88.31,35.244,89.35,101.83,333.88,43.42,155.65,32.356,124.45,142.92,112.16,88.75,110.55,400.96,68.99,75.16,273.29,96.9,420.49,255.65,54.25,201.9,313.07,189.0,144.4,202.72,20.83,264.84,66.85,61.92,38.34,785.41,496.96,400.03,77.36,444.06,25.68,72.83,497.02,142.62,104.53,20.2,121.86,8.4,89.11,182.4,13.61,14.68,65.39,107.68,70.38,1,88.67,39.21,183.1,88.16,11.4,218.57,406.58,185.49,136.23,417.83,532.51,330.2,8.98,124.43,559.01,439.62,94.76,33.49,168.61
2025-01-27,13208.193,229.86,176.9,52.17,192.04,235.42,167.26,202.13,47.09,135.38,474.7,88.11,35.815,89.58,102.69,347.1,41.85,157.23,32.063,125.67,147.26,113.34,87.53,104.41,411.24,69.2,73.76,281.53,96.77,330.0,252.99,49.53,193.77,332.0,188.02,146.11,202.99,20.29,265.85,70.05,63.87,38.9,808.17,503.69,402.9,78.67,434.56,26.39,73.83,503.23,118.42,100.45,20.16,123.08,8.22,90.24,180.83,12.35,14.13,65.14,107.38,68.63,1,85.01,38.65,187.94,90.4,11.0,221.43,397.15,187.87,138.99,415.0,543.52,334.54,9.16,125.5,551.23,443.88,97.4,35.43,173.03
2025-01-28,13329.949,238.26,174.81,50.59,186.93,238.15,169.31,207.36,46.84,128.91,469.97,87.8,35.178,89.65,101.38,359.95,41.81,156.21,31.925,123.54,143.95,112.14,88.35,106.16,405.4,72.56,73.37,278.65,99.83,355.12,255.18,51.23,197.07,328.7,187.37,145.05,195.77,19.8,267.14,68.37,62.36,38.13,804.99,457.45,409.42,78.31,447.2,28.44,70.54,486.64,128.99,100.6,20.33,121.18,8.32,88.19,194.75,12.6,13.39,64.58,117.45,67.78,1,88.64,38.95,183.09,88.84,10.9,221.14,398.09,187.14,146.97,413.24,542.48,334.48,9.03,125.41,555.85,440.68,97.29,35.71,170.42
2025-01-29,13267.655,239.36,175.26,51.66,183.63,237.07,171.1,206.35,46.75,127.06,469.26,87.49,35.0,88.51,101.56,354.0,41.21,155.69,31.988,120.7,141.93,113.19,86.43,105.96,400.3,71.13,73.23,275.06,99.33,353.25,254.2,49.8,197.18,327.62,186.11,145.16,192.89,19.75,266.58,67.12,62.83,37.84,804.08,454.36,411.16,77.86,442.33,28.46,70.89,481.54,123.7,100.38,20.78,122.16,8.05,88.76,202.0,12.2,12.96,64.78,116.59,69.4,1,90.03,40.3,182.23,88.39,10.4,235.15,389.1,190.09,146.1,410.66,538.1,335.88,9.07,125.45,553.41,441.52,97.5,35.16,170.22
2025-01-30,13337.851,237.59,175.65,51.67,185.82,234.64,171.76,215.66,46.72,128.93,472.35,87.24,31.15,90.36,101.46,343.57,42.04,156.32,32.063,121.57,145.93,113.43,87.62,107.05,399.32,73.22,73.98,269.24,100.93,382.94,258.05,49.99,202.63,334.61,189.22,145.85,195.5,20.01,268.23,68.76,64.05,38.24,823.23,459.65,421.16,76.12,414.99,29.07,71.3,483.37,124.65,99.87,20.4,120.84,8.07,89.57,198.93,12.12,13.31,66.65,119.18,69.65,1,92.95,41.04,184.32,89.92,11.3,234.37,400.28,191.23,148.35,418.53,545.57,343.05,9.39,126.69,556.3,438.4,98.65,35.46,172.71
2025-01-31,13271.383,236.0,183.9,51.23,184.95,237.68,170.98,221.27,46.3,129.0,468.67,86.47,31.534,88.3,98.83,341.7,41.59,149.19,32.122,119.97,141.9,113.06,86.83,99.91,395.7,72.45,73.65,264.87,100.88,372.88,258.56,52.08,205.6,329.91,190.33,139.03,197.26,19.43,267.3,67.1,63.48,37.39,811.08,462.95,414.2,75.7,415.06,28.35,71.56,487.27,120.07,97.17,20.6,117.87,7.75,88.58,199.55,12.38,13.1,65.85,116.8,69.74,1,90.82,39.54,180.8,88.07,10.5,232.97,404.6,185.51,146.58,412.15,542.49,341.8,9.29,125.88,553.33,461.68,98.16,35.48,170.9
2025-02-03,13171.21,228.01,190.14,50.02,185.37,237.42,167.12,217.73,46.21,129.41,464.61,84.87,31.093,85.19,98.48,339.24,40.0,149.34,31.82,116.93,137.46,114.0,87.05,93.44,405.1,71.38,72.85,247.34,100.9,361.71,259.94,51.35,202.64,334.3,191.87,138.83,196.56,19.38,266.81,65.42,63.35,36.96,810.43,455.42,410.29,76.3,410.92,27.66,71.05,487.75,116.66,97.63,20.18,117.86,7.32,89.51,202.31,12.21,13.36,65.17,114.39,69.08,1,90.2,38.86,174.41,85.17,9.9,238.1,383.68,186.07,146.57,408.14,548.18,345.82,9.36,125.13,549.7,470.37,99.54,36.01,171.94
2025-02-04,13266.45,232.8,189.95,47.49,184.13,242.06,162.59,222.43,46.71,131.97,467.49,88.19,31.431,85.86,100.58,344.14,40.49,153.22,32.205,115.95,139.76,113.3,87.46,88.44,401.98,71.33,72.85,250.95,102.78,356.53,262.5,52.04,207.71,334.8,187.49,142.78,195.76,19.29,267.94,66.5,62.67,36.92,826.07,453.68,415.9,78.24,412.37,27.89,69.9,482.39,118.65,97.02,20.9,123.61,7.31,77.725,215.31,12.81,13.89,66.63,119.2,69.72,1,86.17,40.0,172.59,86.66,10.0,237.25,392.21,183.54,145.92,409.19,545.45,345.15,9.43,125.01,553.35,482.28,100.77,35.42,172.24
2025-02-05,13318.43,232.47,191.75,46.45,187.46,236.17,165.75,232.0,47.11,129.35,473.73,87.26,31.796,80.97,100.21,347.93,42.22,152.99,32.251,111.47,138.92,110.54,88.78,87.32,402.16,72.1,73.07,252.41,105.07,367.93,264.13,53.29,193.3,336.83,189.57,142.74,195.58,19.65,270.43,67.31,63.12,36.78,842.18,449.87,412.8,76.99,413.29,28.13,69.2,472.34,124.83,97.91,20.86,123.32,7.58,79.2,221.16,13.13,14.34,66.53,121.73,70.38,1,86.0,37.7,172.86,85.62,10.7,242.43,378.17,184.92,147.11,410.67,539.81,349.44,9.37,126.28,555.62,488.44,102.46,35.32,175.67
2025-02-06,13366.96,233.22,192.97,45.55,189.75,238.83,164.88,231.36,47.74,129.16,477.22,87.88,32.293,79.66,99.94,330.81,40.61,151.9,32.406,111.84,136.17,112.09,88.32,88.49,390.47,70.99,73.35,258.77,104.72,374.83,263.43,53.65,193.31,324.53,186.81,141.93,159.75,19.38,276.9,66.42,63.36,37.37,870.37,448.52,411.83,77.75,415.82,28.28,69.27,466.55,128.68,95.82,20.96,120.82,8.49,78.57,216.51,13.08,14.76,66.16,118.58,69.78,1,86.08,38.34,170.97,85.91,10.6,247.17,374.32,183.08,147.43,401.6,530.04,347.48,9.61,127.23,557.62,481.16,102.85,35.33,174.12
2025-02-07,13241.34,227.63,190.6,45.76,188.84,229.15,163.45,224.87,47.4,127.94,472.74,86.21,32.199,79.27,98.36,325.83,39.71,152.62,31.695,110.49,129.0,110.86,88.08,71.13,391.42,70.35,73.06,256.08,107.66,377.97,263.9,52.97,187.14,322.05,188.73,142.94,168.49,19.1,275.8,63.45,63.84,37.25,878.31,444.39,398.1,76.61,409.75,27.33,68.27,468.58,129.84,95.81,21.45,120.3,8.37,77.31,225.23,12.75,14.29,65.89,117.41,69.0,1,85.32,38.61,169.0,86.46,10.0,246.24,361.62,208.77,145.65,374.79,527.03,348.02,9.47,126.66,552.2,469.32,101.15,35.16,171.43
2025-02-10,13332.15,227.65,190.34,46.09,189.88,233.14,162.17,235.04,46.67,128.1,470.17,86.33,32.293,78.0,99.48,327.2,39.41,155.77,31.896,108.46,130.21,109.28,88.27,73.86,396.14,71.1,73.62,258.23,109.55,385.0,268.37,53.05,188.2,318.26,188.43,145.83,168.27,19.77,271.04,64.08,64.55,37.35,868.88,448.22,399.71,75.84,412.22,26.49,69.7,474.37,133.57,98.69,21.91,123.71,8.57,78.24,224.93,12.25,14.22,66.13,119.9,68.6,1,84.85,38.37,165.0,85.76,9.805,255.83,350.73,212.51,144.46,376.34,533.37,351.23,9.56,125.61,556.15,469.97,102.92,34.94,171.91
2025-02-11,13337.003,232.62,191.83,46.44,193.42,232.76,158.08,235.04,46.79,124.41,472.61,86.0,33.005,78.34,101.71,324.4,39.62,157.44,34.079,108.13,130.6,109.02,86.38,76.94,391.22,70.91,73.56,261.26,108.33,372.9,267.39,52.4,187.07,323.73,186.86,147.0,167.77,20.97,274.99,64.22,67.6,37.69,865.0,449.36,397.63,76.42,411.44,26.19,70.33,473.84,132.8,98.93,21.69,129.55,8.74,76.21,213.76,11.17,13.37,67.38,123.59,67.12,1,82.59,37.6,164.74,87.29,9.394,258.7,328.5,209.94,143.24,374.53,533.92,350.72,9.57,125.93,556.65,455.22,102.47,35.41,174.29
2025-02-12,13302.102,236.87,193.0,45.22,189.52,228.93,157.44,236.35,46.21,121.88,471.73,85.6,32.695,79.46,98.4,326.12,43.3,154.9,34.196,106.42,127.75,109.23,83.87,75.08,385.66,75.82,72.95,262.65,107.7,369.65,267.67,52.01,185.43,312.38,183.04,144.8,163.49,22.48,275.45,63.94,68.71,38.13,872.97,441.97,395.16,75.89,409.04,26.23,69.28,470.86,131.14,97.62,21.77,125.04,9.18,76.27,216.47,10.79,13.29,66.76,120.49,66.25,1,82.99,37.48,161.05,85.3,9.493,255.28,336.51,209.18,144.59,373.12,527.4,351.49,9.56,125.28,554.81,453.2,103.61,35.72,173.88
2025-02-13,13440.933,241.53,193.45,45.71,189.99,230.37,157.92,235.8,46.33,117.88,480.49,85.85,33.145,82.59,96.9,329.85,43.49,155.88,35.154,109.38,129.34,109.59,84.09,74.95,391.6,76.0,73.09,263.12,109.98,370.31,270.31,52.11,187.88,321.92,181.12,145.85,160.82,24.13,276.32,64.17,69.5,38.6,871.86,434.72,390.85,76.24,410.54,26.33,68.6,455.06,135.29,98.97,22.44,125.54,10.15,76.59,204.95,11.3,14.85,67.37,127.65,67.02,1,84.29,40.17,163.2,86.81,9.433,265.08,355.94,210.09,147.28,360.44,531.18,355.63,9.57,126.35,560.67,462.58,105.05,35.83,164.93
2025-02-14,13443.097,244.6,192.87,46.1,189.38,228.68,162.81,233.04,46.96,117.73,479.59,86.6,33.154,84.58,96.26,326.54,49.72,155.34,34.819,107.53,130.57,110.38,89.07,73.0,389.25,76.19,72.97,267.77,111.64,367.59,266.29,52.54,186.87,316.21,177.68,146.55,161.27,23.6,276.59,64.99,68.87,39.11,844.27,423.19,366.68,76.7,408.43,26.38,68.06,438.9,138.85,97.85,22.73,128.04,9.77,77.97,196.38,11.52,16.36,67.13,128.35,64.95,1,84.0,38.63,162.94,87.1,9.328,270.815,355.84,208.76,125.17,365.14,523.51,353.81,9.76,126.48,560.69,459.0,104.04,35.2,157.52
2025-02-17,13443.097,244.6,192.87,46.1,189.38,228.68,162.81,233.04,46.96,117.73,479.59,86.6,33.154,84.58,96.26,326.54,49.72,155.34,34.819,107.53,130.57,110.38,89.07,73.0,389.25,76.19,72.97,267.77,111.64,367.59,266.29,52.54,186.87,316.21,177.68,146.55,161.27,23.6,276.59,64.99,68.87,39.11,844.27,423.19,366.68,76.7,408.43,26.38,68.06,438.9,138.85,97.85,22.73,128.04,9.77,77.97,196.38,11.52,16.36,67.13,128.35,64.95,1,84.0,38.63,162.94,87.1,9.328,270.815,355.84,208.76,125.17,365.14,523.51,353.81,9.76,126.48,560.69,459.0,104.04,35.2,157.52
2025-02-18,13478.021,244.47,196.25,45.91,189.55,226.65,162.06,228.53,46.53,119.19,482.82,88.36,34.054,88.85,97.45,328.96,52.22,156.16,35.267,107.72,129.81,109.56,90.53,72.27,382.48,75.67,73.55,267.45,114.26,373.25,270.7,52.89,185.8,316.71,176.89,147.97,169.71,27.39,279.95,63.68,69.05,39.51,857.2,428.54,372.44,78.22,409.64,27.2,68.5,441.36,139.4,98.64,22.2,130.28,9.63,78.62,187.13,11.58,16.93,67.82,129.31,63.87,1,84.18,38.7,169.38,87.04,8.946,263.21,354.11,216.38,125.58,368.75,500.73,356.73,9.81,127.34,562.31,462.11,103.78,35.66,156.48
2025-02-19,13510.289,244.87,197.35,46.04,188.56,226.63,160.27,228.73,46.01,117.8,483.77,88.34,34.176,90.12,99.57,324.53,53.02,157.23,34.472,106.5,126.83,111.35,89.68,73.11,391.71,74.67,73.44,266.87,114.57,375.2,270.85,52.67,187.13,320.56,179.16,149.27,173.77,25.72,279.25,62.1,70.07,39.4,867.05,432.95,367.22,77.5,414.77,27.0,69.06,433.45,139.23,99.2,21.62,129.96,9.79,78.36,189.66,11.38,19.63,67.6,127.66,64.9,1,83.89,38.82,172.42,88.29,8.737,263.35,360.56,215.18,121.23,359.96,511.04,355.23,9.74,127.19,563.67,471.76,104.0,35.52,156.64
2025-02-20,13453.539,245.83,200.88,46.55,192.38,222.88,156.79,226.74,45.3,113.62,481.8,85.51,34.11,90.3,102.0,318.43,50.43,158.79,34.652,107.98,128.68,110.55,89.34,71.11,390.5,74.71,72.79,268.46,114.21,359.68,270.99,51.87,186.64,321.5,182.38,150.96,177.89,26.09,266.8,62.83,70.04,41.75,873.12,436.29,365.82,77.61,416.13,25.68,70.14,438.11,140.11,98.63,21.31,131.55,9.05,77.63,175.44,11.12,18.19,68.38,123.47,66.27,1,83.04,39.81,172.33,89.93,8.677,265.4,354.4,215.24,118.0,366.68,502.42,350.49,10.15,125.14,561.3,480.33,97.21,35.96,157.42
2025-02-21,13224.446,245.55,202.08,48.19,191.55,216.58,150.55,218.66,44.81,112.3,478.74,84.47,33.951,90.74,97.94,309.8,47.91,156.92,34.15,110.52,125.98,108.66,88.78,74.92,385.1,73.3,71.09,254.19,110.02,327.88,270.74,51.49,181.58,316.42,182.68,148.11,170.29,24.87,264.24,61.26,71.35,40.49,873.68,440.72,358.97,76.96,408.21,24.11,71.58,447.96,134.43,98.1,20.91,128.78,8.56,74.95,166.4,10.5,17.62,66.7,115.56,65.01,1,68.35,39.67,175.97,87.95,9.515,265.17,337.8,211.65,114.31,361.54,466.42,348.53,10.11,123.27,551.75,484.24,94.78,36.55,160.46
2025-02-24,13159.207,247.1,204.08,48.4,192.0,212.71,147.87,207.93,44.46,112.43,498.42,84.89,34.007,92.08,98.82,308.32,46.57,157.89,34.221,110.27,126.42,111.2,90.75,75.35,385.26,72.76,70.66,253.54,108.69,315.91,272.21,50.78,181.19,319.57,185.3,148.75,168.81,24.27,261.34,61.11,70.59,41.25,881.4,440.27,368.22,77.31,404.0,24.85,70.8,449.94,130.28,98.12,21.07,127.08,8.76,75.25,165.57,9.8,18.46,66.89,115.48,64.94,1,65.92,39.73,178.97,86.8,8.401,268.13,330.53,212.02,118.02,363.89,461.52,349.86,9.97,123.49,549.14,481.65,93.67,37.03,165.31
2025-02-25,13097.848,247.04,204.14,48.76,203.75,212.8,145.3,202.54,43.94,114.65,499.82,87.0,33.585,91.79,97.08,305.88,44.51,156.42,34.246,109.9,132.11,110.53,88.32,72.8,401.93,71.45,71.04,256.48,108.06,317.69,268.62,49.67,177.37,333.07,184.06,146.95,175.48,22.99,257.4,63.19,71.49,41.54,901.8,448.46,366.72,77.63,397.9,24.59,71.28,461.01,126.63,95.77,20.37,126.26,8.45,74.07,159.99,9.41,18.72,66.9,110.95,64.92,1,62.84,39.78,178.02,87.8,8.07,270.54,302.8,207.91,115.27,365.7,470.38,352.09,9.89,123.14,546.41,480.35,97.69,38.01,168.53
2025-02-26,13099.912,240.36,203.01,46.98,200.73,214.35,147.65,212.94,43.94,113.49,494.1,86.63,32.883,91.0,96.13,307.33,44.4,155.14,34.066,110.49,128.54,111.83,89.91,71.76,386.13,71.96,71.27,256.12,109.02,335.24,269.03,50.01,174.7,319.91,184.52,145.47,173.19,23.52,258.79,62.13,70.8,41.76,915.01,441.5,366.03,76.2,399.73,25.05,71.01,454.87,131.28,95.76,20.41,125.44,7.88,72.05,168.1,9.29,18.54,67.4,113.23,64.54,1,65.29,39.65,178.35,87.42,7.974,263.58,290.8,209.11,119.22,366.73,463.59,350.63,9.76,123.09,546.75,479.1,96.2,37.51,164.99
2025-02-27,12892.199,237.3,205.02,46.59,203.97,208.74,147.44,197.8,44.12,111.04,502.41,85.44,33.154,89.64,97.37,294.9,43.62,156.67,33.845,108.64,126.44,111.31,87.81,69.9,392.87,71.4,70.82,258.54,107.09,326.28,264.93,49.0,170.21,320.94,207.56,146.91,174.28,23.09,259.05,61.01,70.87,41.87,905.16,446.46,362.16,75.99,392.53,23.72,69.38,459.97,120.15,96.64,20.39,127.41,7.43,70.73,159.78,9.18,17.89,67.27,110.83,62.96,1,64.28,40.0,173.24,85.61,7.6,264.17,281.95,208.21,117.24,365.78,468.56,355.74,9.63,123.64,537.97,474.5,96.79,37.57,164.98
2025-02-28,13098.216,241.84,209.03,47.2,205.62,212.28,149.27,199.43,46.1,106.06,513.83,86.0,33.614,86.84,99.15,297.85,43.92,158.62,34.2,108.82,126.81,113.8,88.37,70.25,396.88,71.62,71.75,262.9,108.01,335.18,263.27,50.15,172.22,306.3,213.16,148.94,175.58,23.73,264.65,61.0,71.21,42.19,920.63,450.37,365.61,76.83,396.99,22.72,70.17,461.74,124.92,100.39,21.51,129.69,7.53,71.05,161.78,9.32,16.49,67.46,112.0,62.72,1,65.3,38.37,175.5,86.53,7.35,269.69,292.98,211.98,119.93,366.36,474.96,362.71,9.43,126.11,546.33,479.79,98.61,37.98,167.24
2025-03-03,12868.954,238.03,211.48,46.58,209.61,205.02,144.58,187.37,45.56,102.72,510.08,81.91,33.707,84.16,92.63,293.06,42.29,153.09,32.971,109.15,125.68,112.79,85.99,63.81,395.5,71.39,70.54,258.77,106.54,315.98,266.74,48.25,168.66,311.28,211.74,144.09,172.68,22.74,260.62,59.85,72.32,42.0,929.72,451.94,347.81,73.41,388.49,21.95,71.62,473.41,114.06,96.76,20.76,124.99,7.03,69.75,162.45,8.51,14.13,66.46,106.58,61.54,1,62.79,37.31,175.28,84.08,6.834,272.83,284.65,208.05,116.41,348.855,467.05,361.82,9.39,124.89,536.92,483.31,97.59,39.1,170.53
2025-03-04,12711.863,235.93,207.76,45.82,207.12,203.8,137.92,187.48,42.67,105.79,495.86,81.23,33.258,83.24,90.64,287.34,43.45,152.0,32.494,108.31,125.92,109.01,82.42,63.93,397.27,71.38,69.18,247.74,106.48,313.07,269.06,46.49,172.61,312.05,208.45,142.39,172.3,21.33,250.25,60.74,70.19,42.08,911.06,448.82,345.29,73.47,388.61,21.13,70.85,463.83,115.99,93.79,19.75,122.29,6.95,67.48,159.17,8.18,14.84,66.2,101.73,62.46,1,59.43,38.37,172.56,81.45,6.941,264.65,272.04,208.55,114.78,343.45,474.61,352.23,9.36,120.5,530.45,486.22,94.97,38.75,169.9
2025-03-05,12853.994,235.74,211.54,45.8,208.69,208.36,140.53,191.58,42.29,109.94,498.5,82.91,33.314,84.36,88.88,291.97,43.84,150.81,33.242,113.97,129.37,109.31,81.96,64.67,397.47,72.85,70.28,250.41,106.8,316.8,269.62,47.04,174.99,319.63,213.46,141.34,193.59,20.81,251.53,61.95,70.08,42.05,929.72,460.42,349.53,76.21,401.02,21.3,70.48,474.2,117.3,91.87,20.09,119.74,6.89,69.5,168.52,8.86,15.59,66.1,106.15,65.13,1,61.12,39.93,174.18,83.63,7.183,262.74,279.1,214.81,116.76,351.63,475.98,352.68,9.7,121.23,536.4,491.64,95.98,38.49,167.0
2025-03-06,12625.312,235.33,210.75,48.06,206.93,200.7,134.78,179.45,41.46,108.33,497.84,84.07,33.979,83.77,88.6,286.05,43.31,152.95,32.941,114.19,133.96,105.43,79.51,64.42,402.77,71.8,69.45,249.79,101.72,293.21,268.25,45.51,174.21,321.75,208.43,143.34,193.93,20.75,246.54,64.43,70.46,42.75,912.76,461.5,347.94,75.91,396.89,20.0,70.01,475.2,110.57,89.74,19.27,122.79,6.33,68.08,150.72,8.48,16.02,66.01,102.49,65.15,1,59.8,42.18,178.95,85.11,6.758,262.95,263.45,207.87,108.81,355.0,487.72,344.16,9.78,119.17,526.67,485.72,94.64,38.45,167.25
2025-03-07,12696.9,239.07,214.29,49.44,212.29,199.25,132.4,194.96,41.4,116.47,495.62,84.88,35.216,84.26,90.63,282.89,45.53,156.34,32.686,112.84,133.42,105.51,77.84,70.68,409.46,70.33,70.25,253.92,101.28,289.3,268.39,45.93,175.75,330.15,207.15,147.43,195.97,20.64,242.28,64.02,71.43,43.38,869.58,473.65,344.36,77.5,393.31,20.06,72.83,486.52,112.69,89.57,18.28,126.18,6.21,70.48,133.98,8.38,16.85,66.79,100.13,65.85,1,60.0,42.1,186.25,88.97,6.937,265.24,262.67,204.33,106.08,355.43,493.48,345.32,9.9,118.69,529.51,488.29,91.72,39.81,170.37
2025-03-10,12356.688,227.48,216.66,50.61,213.07,194.54,126.01,184.45,39.83,112.64,497.1,86.53,33.829,85.24,92.9,272.9,43.34,157.57,32.134,112.19,133.95,103.08,70.72,74.04,409.55,68.53,69.05,246.51,96.04,270.13,266.04,45.01,167.81,336.16,202.36,148.24,197.03,19.93,232.22,63.98,71.45,44.05,829.76,479.17,333.77,76.54,380.16,18.74,76.16,495.45,106.98,91.42,16.55,126.13,5.62,68.16,107.29,7.98,16.61,66.79,92.75,64.21,1,54.74,41.83,189.47,86.71,6.506,266.63,222.15,201.93,98.57,354.48,480.22,341.48,9.24,115.37,515.51,500.01,87.82,40.57,171.8
2025-03-11,12263.307,220.84,213.59,48.64,209.78,196.59,130.42,190.09,39.61,110.04,496.25,84.59,33.679,80.52,95.41,277.05,42.37,154.08,31.921,110.4,132.53,97.9,70.26,69.52,422.04,68.39,68.22,242.96,98.28,284.21,269.16,44.91,165.98,323.55,198.34,144.61,195.01,19.78,229.14,62.64,71.04,43.18,824.06,468.88,319.42,73.96,380.45,18.77,74.03,494.11,108.76,92.62,16.93,123.55,5.74,67.98,122.73,7.79,16.05,66.81,92.95,64.35,1,55.29,42.71,185.26,82.86,6.096,256.67,230.58,203.8,100.08,342.72,486.04,332.14,9.4,114.55,511.28,488.34,87.44,39.65,164.39
2025-03-12,12323.497,216.98,212.06,47.08,206.69,198.89,134.92,194.23,39.91,111.55,495.94,81.12,32.967,78.73,97.75,284.58,43.49,152.67,31.578,108.42,128.67,98.76,70.76,68.21,411.04,68.51,68.25,243.51,97.93,298.68,270.33,45.4,169.0,312.87,199.15,144.03,191.73,20.68,227.9,61.41,69.94,42.54,821.86,461.5,316.49,72.19,383.27,19.01,72.92,475.1,115.74,92.97,16.47,123.98,6.1,68.62,130.68,8.21,15.81,67.38,96.53,64.12,1,55.9,41.31,183.85,81.16,6.396,255.61,248.09,205.33,102.81,329.23,481.11,332.84,9.27,114.89,513.76,495.42,85.2,38.55,161.68
2025-03-13,12153.331,209.68,211.55,47.25,207.77,193.89,130.24,191.36,39.67,111.32,504.25,81.62,32.508,77.96,96.19,271.74,41.99,153.61,31.331,107.95,125.29,96.87,68.48,62.97,417.25,67.95,67.43,240.98,93.42,300.24,275.13,45.6,164.73,314.79,197.77,143.92,195.51,23.7,225.19,59.89,69.62,41.28,801.65,467.93,309.68,72.61,378.77,18.53,72.73,490.59,115.58,93.5,16.23,122.5,6.07,66.91,121.53,7.57,15.06,67.74,90.59,63.48,1,54.04,42.07,181.59,79.4,5.891,259.1,240.68,203.63,94.9,314.47,481.52,328.55,9.42,114.07,507.05,502.92,84.5,39.14,160.06
2025-03-14,12414.284,213.49,211.77,47.18,210.93,197.95,134.32,195.54,40.89,112.25,514.6,83.31,33.192,78.42,98.95,279.4,42.12,157.02,32.243,107.65,126.78,98.64,70.69,68.18,420.94,69.29,68.82,242.2,96.25,313.63,275.24,46.75,167.62,319.39,203.05,148.13,196.16,24.05,232.44,60.64,69.16,41.66,813.48,466.17,311.03,74.15,388.56,19.19,73.55,484.93,121.67,96.43,17.09,126.73,7.05,68.95,128.21,8.03,16.12,68.77,94.85,64.35,1,57.22,43.07,181.33,80.97,6.099,255.98,249.98,204.57,98.97,357.48,488.65,331.8,9.81,116.81,517.46,504.77,85.35,39.5,161.26
2025-03-17,12494.816,214.0,214.47,47.99,212.69,195.74,138.7,194.5,41.44,115.34,523.01,84.09,33.492,79.54,99.36,280.75,42.82,158.72,32.498,109.29,127.06,99.36,71.35,66.14,430.59,70.63,69.7,245.3,96.67,331.96,276.73,46.86,166.57,328.46,206.16,150.45,207.13,25.69,233.93,60.61,70.12,42.24,824.76,467.61,327.09,75.15,388.7,20.04,72.11,490.5,119.53,98.44,17.26,129.19,6.59,69.65,125.56,8.11,17.38,70.1,96.59,64.88,1,58.65,45.5,183.61,81.55,6.445,260.17,238.01,206.5,100.41,356.99,499.02,334.55,10.08,118.25,521.41,513.76,87.46,39.85,165.17
2025-03-18,12362.155,212.69,213.85,47.68,214.87,192.82,137.44,188.67,41.65,116.52,523.14,84.42,33.735,78.51,100.53,278.73,40.97,160.81,32.255,108.13,127.85,99.35,70.7,63.62,436.25,70.34,69.125,245.8,96.91,318.93,279.96,47.27,162.67,330.16,207.55,152.82,208.57,25.92,234.97,60.27,69.38,42.245,822.51,469.28,323.07,75.09,383.52,19.07,70.7,489.81,115.43,98.01,16.53,128.41,6.46,68.88,110.1,7.69,16.88,70.97,94.01,65.92,1,59.65,45.61,179.35,81.32,6.757,260.73,225.31,204.32,99.26,343.83,503.8,334.77,10.18,117.96,515.91,512.23,85.59,39.7,164.43
2025-03-19,12495.744,215.24,212.25,46.93,213.76,195.54,143.4,195.57,42.21,112.71,525.27,84.16,33.81,78.09,101.33,279.39,41.94,164.05,32.444,106.44,130.38,100.29,73.38,63.63,430.48,70.9,70.17,247.12,98.17,335.8,281.11,48.76,166.28,334.18,210.92,156.38,207.43,24.12,239.11,61.52,69.28,41.55,837.01,470.55,329.57,73.66,387.82,19.84,70.5,491.52,117.52,100.05,17.4,129.0,6.52,70.0,109.91,7.85,16.98,71.52,101.54,67.88,1,61.37,45.4,179.0,82.16,6.422,259.25,235.86,208.86,103.0,343.72,503.2,339.87,10.19,119.3,521.33,512.52,86.33,39.14,163.75
2025-03-20,12469.966,214.1,211.96,46.52,214.27,194.95,144.77,190.54,42.48,103.58,528.73,82.55,34.194,76.36,102.31,279.03,41.17,164.77,32.176,108.0,131.13,98.86,75.11,62.41,434.28,70.95,69.675,246.21,98.45,336.83,280.75,48.67,165.05,333.52,208.22,157.37,201.71,23.96,239.01,61.27,69.71,40.98,842.57,466.74,324.45,72.69,386.84,20.09,71.15,489.23,118.53,100.65,17.16,128.82,6.52,69.67,108.75,7.74,17.12,71.95,101.85,67.6,1,61.0,44.24,178.88,80.52,6.485,257.03,236.26,209.63,101.79,340.89,511.3,339.5,10.14,119.38,520.13,510.18,85.81,38.86,163.16
2025-03-21,12480.594,218.27,210.01,46.1,216.23,196.21,143.41,191.66,42.47,104.14,521.91,82.21,34.429,76.57,101.92,280.62,41.22,164.75,31.44,107.04,128.84,99.46,73.8,62.85,427.19,70.46,69.03,230.33,98.65,333.87,278.49,48.53,166.25,328.79,207.28,156.58,201.47,24.26,241.63,59.75,68.67,40.4,837.57,439.7,322.62,71.55,391.26,20.4,70.88,490.72,117.7,99.34,17.37,125.49,6.96,70.19,115.7,7.74,17.03,71.01,104.21,69.31,1,61.11,43.85,177.42,79.56,6.5,255.84,248.71,213.47,103.45,350.57,516.85,335.66,10.07,119.02,520.26,503.2,85.98,38.51,163.03
2025-03-24,12700.91,220.73,209.17,45.93,212.8,203.26,148.4,191.25,43.07,105.17,525.85,84.07,34.288,77.97,102.19,285.96,42.62,165.02,32.235,106.19,130.35,100.18,75.32,64.87,427.23,71.35,70.46,242.32,99.79,343.57,277.25,49.89,169.93,333.84,213.17,157.35,205.89,24.22,248.06,61.79,68.95,40.91,864.9,434.98,334.96,71.96,393.08,20.69,70.07,495.08,121.41,102.3,17.35,126.47,7.32,70.97,124.94,8.01,17.2,71.28,109.28,70.08,1,62.58,43.15,180.28,82.0,6.823,258.96,278.39,213.51,106.27,366.16,516.5,343.87,9.94,121.33,529.39,511.74,87.49,38.15,163.17
2025-03-25,12721.412,223.75,201.34,46.05,209.5,205.71,147.9,188.26,43.28,106.32,528.87,83.9,34.607,76.18,102.55,288.61,40.89,165.94,31.975,105.2,129.51,101.61,73.55,65.1,423.47,71.24,70.55,241.07,102.09,336.2,278.47,48.99,172.79,336.46,215.51,158.29,206.25,24.2,251.13,58.57,68.81,40.78,852.35,442.07,337.35,69.85,395.16,20.47,68.59,506.62,120.69,102.38,17.33,125.49,7.29,70.86,125.43,8.03,17.29,72.03,109.82,69.075,1,61.33,42.71,178.36,80.47,6.816,258.75,288.14,217.95,105.89,370.75,513.43,344.62,10.09,121.44,530.65,509.04,84.76,37.9,161.3
2025-03-26,12579.484,221.53,201.3,47.07,210.02,201.13,144.64,179.27,42.82,106.32,533.21,83.57,35.009,76.36,103.2,280.99,39.18,167.97,31.992,105.96,129.38,100.78,72.13,64.44,430.53,71.09,70.02,243.67,101.01,317.7,278.24,47.1,167.14,337.29,212.09,160.52,203.27,23.42,251.03,59.11,70.02,40.99,826.76,445.17,337.79,71.06,389.97,20.22,69.73,507.14,113.76,101.26,17.36,126.57,6.95,69.97,120.2,7.83,16.1,73.03,104.28,67.92,1,59.05,41.62,184.11,78.44,6.552,262.51,272.06,215.89,104.2,371.9,518.2,344.18,10.13,120.91,524.46,500.28,85.21,38.57,162.82
2025-03-27,12537.925,223.85,202.72,48.28,214.04,201.36,142.03,171.99,42.56,105.86,534.52,84.1,35.009,76.76,102.82,277.81,38.04,166.65,31.77,105.52,130.08,100.45,69.47,65.16,431.95,71.19,69.64,243.92,99.54,303.0,281.97,46.56,164.08,342.34,211.06,159.07,203.15,23.62,248.12,59.21,70.74,41.4,821.67,442.28,341.53,70.95,390.58,19.89,70.03,513.82,111.43,98.68,17.12,124.72,6.77,68.86,110.23,7.7,15.93,73.29,102.52,68.85,1,56.99,40.58,184.31,77.71,7.14,268.28,273.13,214.29,101.82,370.34,515.72,349.86,10.17,120.51,521.21,502.55,85.63,38.65,165.02
2025-03-28,12290.858,217.9,205.29,47.87,215.56,192.72,136.96,169.12,41.25,105.28,526.31,82.27,34.307,75.3,102.37,269.97,36.99,166.09,30.963,105.38,125.99,98.07,67.74,64.83,432.0,70.91,68.2,241.71,96.6,302.93,284.06,45.86,156.06,342.16,209.49,158.45,205.32,22.71,242.85,57.73,70.37,41.59,822.51,441.49,293.06,69.82,378.8,19.15,70.45,512.19,109.67,98.48,16.92,121.76,6.3,65.15,107.71,7.24,15.85,72.73,96.68,68.0,1,55.33,40.23,183.74,76.43,6.627,264.93,263.55,210.47,98.98,359.47,516.04,342.85,10.04,118.03,510.8,492.69,85.15,39.29,163.11
2025-03-31,12360.206,222.13,209.52,48.01,217.6,190.26,136.94,167.43,41.73,104.58,532.58,83.14,34.569,75.69,105.02,268.36,34.03,167.29,31.235,104.79,127.13,98.7,68.29,62.79,434.96,72.48,68.47,243.78,96.26,305.28,288.14,45.78,156.23,345.55,210.97,159.73,204.04,22.71,245.3,58.12,71.62,42.54,825.91,446.71,283.06,70.4,375.39,18.96,70.89,512.01,108.38,99.22,16.31,123.48,6.32,65.25,104.9,7.07,16.18,73.28,95.48,68.09,1,54.33,39.73,183.52,76.88,6.575,266.71,259.16,207.25,97.91,366.54,523.75,350.46,9.98,119.47,513.91,484.82,87.79,39.53,164.65
2025-04-01,12407.255,223.19,206.27,48.21,219.44,192.17,138.37,168.52,41.49,107.36,532.99,84.0,34.4,76.83,105.39,270.2,33.14,168.51,31.319,104.51,127.41,97.68,67.32,64.25,432.68,71.87,68.97,241.98,96.67,315.64,287.57,45.54,158.88,345.73,212.46,161.29,202.2,22.05,243.66,58.37,71.87,42.97,805.23,448.64,279.63,70.04,382.19,19.06,70.92,513.1,110.15,99.5,16.14,124.35,6.22,66.1,110.05,7.7,16.685,73.05,97.64,68.29,1,55.41,40.05,184.81,76.14,6.542,268.54,268.46,210.13,98.17,373.91,523.12,346.35,10.1,119.37,515.8,484.74,88.83,39.55,161.91
2025-04-02,12491.096,223.89,205.19,47.97,217.9,196.01,141.52,172.09,41.85,112.83,537.72,84.35,34.297,77.36,106.1,271.54,34.19,166.47,31.473,106.48,127.97,97.88,68.14,67.89,429.33,72.05,69.73,245.17,98.08,330.8,288.16,46.54,158.86,347.03,212.7,160.02,204.93,21.98,245.82,58.93,71.33,43.38,818.22,452.87,282.75,70.65,382.14,19.5,70.48,512.18,110.42,100.37,17.17,124.06,6.31,67.15,109.5,8.06,16.83,72.72,100.65,69.21,1,57.86,39.77,182.73,76.98,6.514,264.56,282.76,211.1,100.36,382.51,523.2,346.33,10.09,120.56,518.91,483.49,89.76,39.39,163.5
2025-04-03,11887.153,203.19,201.64,47.57,228.19,178.41,123.45,154.01,37.22,111.74,530.16,79.84,33.464,67.19,95.25,255.23,32.66,156.12,28.349,108.01,122.31,88.84,61.8,55.02,452.69,72.98,65.9,215.86,89.44,297.66,286.42,42.29,152.63,349.14,203.85,148.38,199.22,22.43,228.69,55.61,73.18,42.18,789.09,454.78,255.65,63.11,373.11,16.31,72.14,515.17,101.8,92.7,15.45,107.18,5.4,61.71,96.9,7.69,15.425,69.77,82.29,68.63,1,53.97,39.41,181.49,64.66,6.179,267.89,267.28,208.93,89.53,367.76,540.44,339.39,9.73,113.85,494.16,484.01,87.26,40.64,159.61
2025-04-04,11178.475,188.38,186.96,43.32,220.17,171.0,108.68,146.29,34.39,109.2,493.54,78.27,31.271,68.84,86.29,240.76,32.65,143.28,24.735,103.97,127.87,83.53,59.83,54.93,428.89,69.36,61.96,210.12,84.71,271.48,279.72,39.07,147.74,331.65,190.57,133.56,184.95,19.85,210.28,57.54,69.93,41.29,738.21,432.15,263.7,57.98,359.84,15.69,66.91,485.52,94.31,80.86,14.29,98.81,5.03,58.37,86.91,7.56,14.71,64.13,76.89,64.64,1,50.26,36.66,173.86,62.88,5.922,248.11,239.43,194.58,83.58,359.36,525.05,313.13,9.08,105.71,465.52,474.62,83.19,39.56,151.73
2025-04-07,11152.56,181.46,186.55,42.98,213.39,175.26,112.36,154.14,35.58,107.37,490.38,76.41,31.356,65.55,85.67,244.21,32.38,140.15,24.166,101.78,120.81,83.3,61.63,53.88,423.14,69.0,61.6,205.23,88.0,286.07,273.71,39.61,149.24,329.63,186.15,130.59,183.31,19.57,214.44,54.65,68.37,39.51,723.73,430.82,265.0,56.6,357.86,15.5,65.06,481.57,97.64,80.91,14.06,96.59,5.15,58.53,93.0,7.62,13.35,62.32,78.82,65.1,1,50.47,34.73,172.59,59.27,5.793,246.67,233.29,197.53,83.71,342.93,524.7,312.32,8.83,105.35,463.56,474.56,83.83,38.32,149.1
2025-04-08,10977.501,172.42,175.67,41.79,204.66,170.66,110.41,156.03,35.03,106.69,492.64,74.8,30.766,60.97,82.66,243.99,31.27,136.93,23.058,101.7,115.1,81.72,60.69,51.0,430.9,67.07,60.99,198.07,88.15,286.89,275.2,39.18,146.58,332.18,190.49,127.51,187.54,18.13,216.87,51.98,68.42,38.54,726.24,443.36,247.61,53.23,354.56,15.54,64.11,491.97,96.3,78.71,13.75,92.87,5.0,57.41,88.89,6.94,12.385,59.75,77.09,65.02,1,49.08,31.61,170.96,55.86,4.563,246.3,221.86,196.25,81.34,328.01,553.08,308.27,8.26,104.87,456.74,472.37,81.79,37.62,144.41
2025-04-09,12022.214,198.85,179.84,44.38,207.48,191.1,128.45,185.15,37.15,108.07,521.41,80.89,32.958,68.35,91.51,265.17,34.89,146.03,25.911,107.57,121.16,91.44,66.84,55.74,435.68,69.9,66.64,217.94,99.93,326.81,285.38,43.26,161.06,338.53,203.01,137.97,200.08,21.53,234.34,54.04,69.95,41.61,753.71,462.24,273.84,59.83,390.49,18.39,67.58,512.3,114.33,84.86,16.28,103.13,5.87,63.95,110.86,8.155,14.35,63.89,91.4,67.63,1,55.99,35.5,183.4,64.22,5.301,254.9,272.2,208.13,91.98,363.19,578.5,332.43,8.86,113.09,499.1,482.3,89.6,37.76,153.55
2025-04-10,11608.215,190.42,174.2,44.48,208.32,181.22,123.93,172.3,35.85,108.81,515.81,77.35,31.553,65.65,83.29,255.12,34.26,134.98,24.116,107.04,117.87,85.23,67.3,53.79,436.37,68.26,64.82,206.4,96.32,309.95,292.35,41.69,155.37,334.99,199.58,127.16,200.89,19.88,227.11,51.4,70.76,41.11,720.91,463.7,256.62,54.34,381.35,16.69,66.72,516.09,107.57,81.24,14.69,96.99,5.5,60.56,102.01,7.54,11.58,59.78,84.63,66.65,1,52.91,33.32,184.75,58.68,5.054,256.12,252.4,204.41,85.73,354.95,594.4,324.61,8.9,109.46,482.06,475.49,90.61,38.35,147.0
2025-04-11,11818.527,198.15,175.05,45.84,213.22,184.87,125.92,181.94,35.95,108.78,524.11,79.47,31.59,65.62,86.39,255.0,39.3,135.63,24.631,109.53,119.78,84.89,66.14,53.61,439.81,69.4,65.76,207.77,97.73,321.43,297.93,41.26,159.4,333.37,199.63,128.5,215.74,19.74,236.2,50.9,71.43,42.01,732.41,474.9,261.03,56.89,388.45,16.32,65.81,533.99,110.93,82.56,14.33,97.38,5.58,62.59,101.15,7.58,12.76,62.09,83.71,67.38,1,53.94,34.82,185.63,59.01,4.874,258.67,252.31,212.07,86.86,361.46,599.47,333.4,9.22,111.22,490.55,484.22,92.8,39.37,149.44
2025-04-14,11912.446,202.52,179.1,46.43,217.79,182.12,125.52,178.36,36.67,112.03,529.52,79.11,31.993,67.55,86.45,254.55,38.81,135.32,25.501,110.6,121.02,84.66,67.39,53.46,441.17,69.87,66.45,210.45,96.85,322.3,296.23,41.61,161.47,340.62,203.39,127.91,219.95,20.31,234.72,51.02,72.45,42.14,754.35,475.34,259.76,57.45,387.81,16.3,67.69,535.82,110.71,83.38,14.29,97.82,5.7,62.27,98.26,7.41,13.92,62.54,82.77,67.99,1,54.66,35.79,187.27,60.1,4.868,262.64,252.35,212.95,86.42,366.25,587.06,335.18,9.27,112.53,495.48,495.83,94.73,40.16,150.83
2025-04-15,11892.994,202.14,176.8,46.07,218.01,179.59,127.84,178.95,37.99,110.29,528.17,78.41,32.227,65.97,85.72,254.93,38.95,134.54,25.287,107.57,119.81,85.01,69.23,52.17,437.77,70.76,66.21,207.35,99.2,328.56,297.78,41.78,158.68,335.55,200.84,127.21,217.98,19.85,233.13,51.04,71.86,41.63,757.18,469.58,255.64,56.7,385.73,16.31,67.66,529.36,112.2,84.16,14.27,96.21,5.73,62.0,96.46,7.18,12.685,62.78,83.91,68.24,1,55.08,34.87,183.86,58.86,4.728,266.71,254.11,214.6,88.31,358.09,583.59,335.81,9.13,112.89,494.09,500.49,93.97,39.91,149.22
2025-04-16,11626.79,194.27,171.68,46.13,218.0,174.33,125.21,174.61,37.33,111.29,516.45,78.32,31.431,64.91,86.36,249.84,37.78,135.36,24.781,108.2,117.54,82.77,68.73,49.95,435.04,71.2,65.24,203.56,96.07,328.16,307.47,41.28,155.5,331.0,198.58,127.95,215.6,19.23,229.61,50.15,71.68,41.38,734.9,477.08,249.37,55.94,371.61,16.09,65.64,537.51,104.49,84.8,14.27,96.57,5.62,60.24,95.38,7.08,12.49,64.03,83.96,68.28,1,53.75,34.58,183.03,56.81,4.758,259.64,241.55,211.4,85.77,349.59,585.04,331.33,9.0,111.13,483.23,485.89,91.19,40.05,146.76
2025-04-17,11642.397,196.98,172.99,47.82,222.66,172.61,126.78,170.99,37.41,113.68,518.21,78.33,31.862,65.52,88.98,247.26,37.77,137.87,25.154,109.58,121.25,84.81,68.57,52.65,424.53,71.53,65.7,207.55,96.13,323.55,306.12,41.52,153.36,335.01,196.38,130.64,219.48,18.93,231.96,51.67,73.0,42.03,839.96,464.08,251.08,56.77,367.78,16.38,66.31,540.39,101.49,86.23,14.34,99.1,5.39,61.0,96.16,7.165,12.64,65.04,83.65,69.72,1,53.9,34.92,186.63,57.21,4.5,262.04,241.37,212.77,84.97,357.75,454.11,329.61,9.11,111.6,483.9,489.1,93.22,40.53,148.67
2025-04-18,11642.397,196.98,172.99,47.82,222.66,172.61,126.78,170.99,37.41,113.68,518.21,78.33,31.862,65.52,88.98,247.26,37.77,137.87,25.154,109.58,121.25,84.81,68.57,52.65,424.53,71.53,65.7,207.55,96.13,323.55,306.12,41.52,153.36,335.01,196.38,130.64,219.48,18.93,231.96,51.67,73.0,42.03,839.96,464.08,251.08,56.77,367.78,16.38,66.31,540.39,101.49,86.23,14.34,99.1,5.39,61.0,96.16,7.165,12.64,65.04,83.65,69.72,1,53.9,34.92,186.63,57.21,4.5,262.04,241.37,212.77,84.97,357.75,454.11,329.61,9.11,111.6,483.9,489.1,93.22,40.53,148.67
2025-04-21,11368.985,193.16,170.16,48.09,217.99,167.32,119.63,166.21,36.92,111.95,506.92,77.15,31.478,63.08,87.55,236.26,37.82,133.73,25.141,109.7,120.76,84.0,66.11,53.47,406.69,69.2,64.04,205.12,92.72,313.08,315.59,40.7,149.86,317.61,190.91,126.32,217.86,18.84,228.99,51.07,72.77,41.21,818.02,458.33,253.91,56.3,359.12,16.05,64.68,531.33,96.91,81.82,13.83,97.01,5.32,60.285,94.15,7.14,12.1,64.65,81.64,70.61,1,52.39,34.28,187.26,56.37,4.476,253.48,227.5,205.16,81.56,365.67,425.33,320.1,9.12,109.17,472.37,477.52,92.41,40.18,146.85
2025-04-22,11654.828,199.74,173.78,48.54,220.97,173.18,123.71,169.58,38.32,115.13,520.79,79.26,32.04,64.34,89.76,243.39,39.23,137.3,25.865,112.37,124.96,86.09,66.33,55.33,415.9,70.6,65.3,206.57,94.37,326.07,311.11,41.75,153.9,324.62,193.82,130.38,217.22,19.51,235.59,53.66,73.9,42.26,827.54,462.08,261.71,58.14,366.82,16.61,66.64,464.08,98.89,84.05,14.99,100.9,5.75,61.42,101.66,7.56,13.05,65.17,85.71,71.4,1,54.33,35.3,187.0,58.38,4.579,258.3,237.97,209.97,83.87,378.67,427.18,331.4,9.44,112.83,484.29,490.47,94.85,41.19,149.99
2025-04-23,11849.25,204.6,177.05,48.12,212.6,180.6,126.55,176.91,38.75,116.42,526.81,78.4,32.293,65.27,89.93,250.48,38.54,136.68,26.375,110.95,124.79,87.29,66.86,56.84,426.87,70.46,66.18,211.04,97.0,336.09,303.65,42.97,157.72,335.98,195.03,130.03,217.93,20.59,240.88,53.47,73.3,42.13,829.42,463.55,265.85,57.78,374.39,17.0,67.27,472.65,102.71,84.66,15.2,102.78,5.98,62.46,107.17,7.93,11.92,64.51,90.96,70.44,1,55.66,34.93,187.28,59.14,4.403,259.35,250.74,213.3,87.13,377.74,427.96,334.37,9.55,114.22,492.07,492.42,94.96,40.92,150.91
2025-04-24,12089.305,208.37,180.37,48.78,210.91,186.54,133.32,188.15,39.58,119.33,531.64,79.51,31.093,65.96,91.8,264.7,39.11,139.07,27.625,111.63,126.04,90.01,70.78,60.66,428.79,75.13,67.77,215.69,100.72,360.49,308.07,43.88,161.47,341.41,198.86,132.38,221.9,21.49,244.64,54.27,72.52,37.26,859.73,466.81,270.64,59.25,387.3,17.15,66.35,463.07,106.43,86.28,15.15,104.69,6.28,64.77,112.25,8.24,11.715,65.05,95.12,71.61,1,57.5,35.84,187.5,61.92,4.923,262.18,259.51,222.69,93.53,385.93,424.25,335.71,9.75,115.7,502.41,492.47,95.84,40.37,152.3
2025-04-25,12178.492,209.28,186.06,48.25,210.82,188.99,133.4,192.31,39.69,119.59,530.96,79.2,31.759,64.66,91.72,267.85,38.27,138.73,27.475,110.57,124.56,90.28,71.66,61.15,421.68,76.04,67.76,211.56,101.8,372.42,304.73,44.18,163.85,327.92,198.55,132.34,226.05,20.05,243.55,53.7,71.91,37.41,884.54,477.64,267.9,59.44,391.85,17.23,66.09,473.2,111.01,86.31,16.15,103.97,6.29,65.34,118.1,8.08,12.56,65.86,97.12,69.91,1,58.09,35.8,185.35,61.58,4.871,232.77,284.95,225.38,95.07,383.67,418.64,335.17,9.5,115.19,506.11,493.84,95.09,40.12,153.47
2025-04-28,12186.517,210.14,192.34,48.05,211.3,187.7,136.36,192.47,39.78,118.81,530.94,78.97,31.637,64.0,92.93,265.64,37.88,140.1,27.466,111.2,125.17,90.16,71.18,61.98,413.82,75.54,67.91,211.5,102.64,370.06,309.07,44.1,162.42,332.02,197.85,133.84,228.35,20.51,243.22,53.92,71.79,37.21,877.29,476.29,268.52,58.72,391.16,17.44,66.19,483.31,108.73,87.87,15.82,105.78,6.6,64.93,121.21,8.11,12.69,66.02,98.57,70.24,1,58.32,34.72,185.75,61.28,4.769,236.77,285.88,225.55,95.68,386.44,420.0,337.51,9.6,115.61,506.42,496.49,95.22,40.28,153.57
2025-04-29,12257.272,211.21,193.51,47.78,221.33,187.39,137.55,191.17,39.99,119.3,534.57,78.72,31.796,62.74,91.88,267.76,37.4,139.3,27.542,110.9,124.75,91.17,71.3,62.17,413.65,76.28,68.31,209.85,104.21,371.19,306.06,44.46,162.06,340.58,198.94,132.54,230.37,20.34,244.62,53.25,72.35,37.65,885.2,475.88,271.27,58.83,394.04,17.38,67.25,482.1,109.02,87.86,15.71,106.0,6.93,66.32,122.14,7.87,12.84,65.51,98.92,70.68,1,59.56,34.96,186.28,61.26,4.898,241.59,292.03,230.71,96.48,390.25,409.23,341.52,9.6,116.75,509.49,503.5,96.04,40.77,155.43
2025-04-30,12276.393,212.5,195.1,47.75,225.41,184.42,136.48,192.47,39.88,120.02,533.25,78.54,32.04,62.17,89.12,268.71,38.67,136.06,27.6,112.02,126.34,90.95,71.38,61.87,420.58,75.49,68.73,210.33,103.76,370.82,303.77,44.38,160.89,345.08,200.93,129.05,230.34,20.1,244.62,54.03,72.55,38.21,898.95,477.75,270.77,58.21,395.26,16.03,66.88,486.5,108.92,82.16,15.22,104.06,6.89,65.84,116.57,7.72,12.235,64.48,95.0,69.53,1,58.47,34.2,187.54,60.02,4.851,246.95,282.16,233.32,96.71,395.64,411.44,345.5,9.31,116.71,509.74,509.5,97.25,41.13,156.4
2025-05-01,12353.874,213.32,193.34,47.58,224.03,190.2,137.89,197.33,40.17,119.53,530.23,77.22,31.684,62.27,90.65,269.33,37.73,136.26,27.625,111.31,125.55,90.81,70.26,62.25,408.31,75.18,69.25,210.06,104.21,382.29,297.46,44.78,162.79,343.04,205.38,129.79,227.48,19.98,246.89,53.74,71.29,38.13,794.1,477.72,268.6,58.31,425.4,16.26,66.05,486.67,111.61,80.93,15.54,103.46,6.85,65.41,118.79,7.78,12.54,64.8,97.01,69.91,1,58.48,33.96,185.44,58.94,4.855,247.0,280.52,235.17,97.88,392.93,400.68,342.45,9.24,116.77,513.35,498.86,97.41,40.71,155.65
2025-05-02,12536.2,205.35,198.47,47.85,223.6,189.98,135.37,203.64,41.07,119.81,539.8,77.99,32.283,59.63,91.41,275.08,38.25,138.5,28.127,113.28,127.31,92.49,81.62,68.05,409.98,75.65,70.59,219.72,106.18,396.32,297.98,45.76,165.81,347.97,209.45,132.31,230.02,20.62,252.51,54.93,71.65,39.34,823.62,472.8,277.36,58.38,435.28,17.37,67.09,491.42,114.5,82.78,15.97,107.15,6.82,67.24,113.83,8.06,13.1,66.64,99.25,70.54,1,46.53,34.01,186.97,61.39,4.551,248.88,287.21,219.5,100.11,395.81,399.92,347.6,9.37,119.25,520.71,501.15,98.75,40.71,157.44
2025-05-05,12456.835,198.89,196.07,47.5,223.87,186.35,133.98,200.72,41.12,119.17,512.15,77.5,32.274,62.14,87.61,272.63,37.62,135.5,27.316,113.12,125.67,92.11,80.27,67.79,416.3,75.11,70.57,216.99,108.69,401.1,306.88,45.41,166.05,349.38,211.43,128.8,233.18,20.27,252.56,54.7,71.7,39.46,821.46,471.56,278.55,56.21,436.17,17.37,66.1,493.33,113.82,80.15,15.83,106.9,6.89,68.54,116.33,7.78,12.92,65.12,98.38,71.05,1,46.64,33.86,187.44,60.08,4.394,248.3,280.26,225.32,103.05,394.29,404.81,348.64,9.31,118.7,517.99,500.19,99.33,40.9,158.06
2025-05-06,12361.157,198.51,187.15,48.32,223.81,185.01,129.31,200.09,40.84,123.35,512.33,72.47,32.311,63.21,87.63,273.36,33.16,135.6,27.203,114.67,121.88,92.17,81.53,67.69,413.98,74.92,69.98,213.41,107.14,401.23,315.48,44.76,165.2,356.7,210.06,128.87,232.9,19.94,249.25,52.94,71.72,39.39,775.12,468.21,270.8,55.89,433.31,17.27,66.54,487.48,113.54,79.29,15.52,105.39,6.99,68.05,109.99,7.62,14.37,65.1,93.83,69.53,1,47.29,33.85,187.07,58.98,4.21,253.8,275.35,231.84,100.88,387.14,394.51,347.7,9.31,118.02,513.58,450.03,98.55,41.39,149.87
2025-05-07,12414.985,196.25,188.09,47.88,219.49,188.71,129.34,204.81,40.93,123.19,518.22,73.0,32.218,64.65,87.71,278.23,34.25,135.79,27.002,115.75,122.77,102.09,83.35,66.56,417.43,75.04,70.28,215.56,106.72,406.81,310.75,44.85,152.8,360.98,212.55,129.09,230.21,20.31,249.39,53.71,72.4,39.4,776.72,471.32,275.69,55.61,433.35,17.31,67.36,486.04,117.06,80.25,15.71,105.55,6.98,68.69,105.53,7.6,14.77,65.05,94.5,69.04,1,47.95,33.57,189.79,58.93,4.323,251.26,276.22,226.34,103.56,392.66,391.06,349.85,9.22,118.69,515.9,434.82,98.83,41.0,155.99
2025-05-08,12486.998,197.49,185.58,47.7,217.88,192.08,133.19,207.77,41.6,123.63,513.25,74.31,32.058,67.24,88.82,279.74,36.14,137.04,27.709,115.4,123.84,105.12,85.34,67.9,412.38,74.63,71.32,219.21,97.74,394.0,304.63,45.05,155.75,353.92,212.07,130.88,232.95,21.0,253.47,54.36,71.17,40.03,751.45,474.53,282.43,57.22,438.17,17.88,68.32,484.37,117.37,82.25,15.29,109.19,6.51,70.48,107.83,7.78,18.29,65.08,94.0,67.05,1,50.11,34.27,191.39,61.85,4.423,247.49,284.82,225.45,105.23,388.24,385.55,351.27,9.3,119.99,519.34,429.6,97.43,40.6,161.69
2025-05-09,12480.313,198.53,184.6,48.53,219.97,193.06,132.46,208.2,41.79,123.79,513.74,73.97,32.087,66.08,88.59,275.42,35.62,138.49,27.927,115.39,122.03,105.94,84.67,66.84,404.58,73.68,71.39,217.83,97.42,399.26,306.84,45.08,154.38,353.7,209.3,132.37,231.63,21.42,253.08,53.96,70.52,40.1,734.57,473.52,279.77,56.93,438.73,17.7,70.31,482.62,116.65,82.3,15.64,110.92,6.16,70.26,108.46,9.3,19.84,66.15,91.77,68.74,1,50.36,34.86,190.07,62.67,4.278,243.81,298.26,226.55,105.69,392.17,380.64,352.54,9.36,119.94,518.65,424.99,96.72,40.76,159.27
2025-05-12,12888.129,210.79,190.07,49.9,207.92,208.64,143.45,221.58,43.36,124.67,514.3,76.11,32.527,69.59,92.27,288.82,37.59,141.62,29.809,114.87,126.14,110.49,85.05,74.07,416.69,74.8,73.71,232.95,102.04,416.63,298.19,46.97,159.58,363.28,212.77,135.21,229.74,22.18,260.05,56.13,69.53,42.0,755.57,473.16,304.2,60.68,449.26,19.15,69.69,479.16,123.0,85.04,15.97,118.68,6.64,72.31,111.21,9.96,19.16,66.38,104.34,71.4,1,55.02,36.03,189.9,72.53,4.593,240.32,318.38,226.25,111.19,412.38,378.75,355.85,9.6,122.76,535.92,439.37,96.75,39.12,161.92
2025-05-13,12981.89,212.93,188.0,50.69,203.96,211.37,145.07,232.42,44.28,123.72,511.88,76.38,32.592,68.63,94.17,289.17,37.22,142.35,29.533,112.27,126.36,111.38,84.11,78.21,375.4,75.5,74.19,231.15,105.05,433.33,299.46,47.62,160.89,368.1,212.7,135.7,225.73,22.56,263.01,56.0,68.96,42.08,746.06,459.83,310.61,60.34,449.14,19.34,72.11,470.67,129.93,86.51,16.16,125.57,6.81,72.29,112.84,10.56,18.15,67.61,107.68,72.28,1,58.17,35.88,187.67,73.82,4.504,237.34,334.07,226.16,114.54,412.23,311.38,356.14,9.88,123.44,539.44,432.0,95.88,37.42,160.41
2025-05-14,12995.784,212.33,177.44,49.41,204.5,210.25,144.24,232.12,44.74,123.45,503.4,75.31,32.377,67.05,92.57,290.74,35.6,141.67,28.537,112.74,122.07,112.94,86.52,77.15,374.29,76.75,73.9,231.8,103.23,432.84,293.16,47.01,166.81,367.5,213.37,134.79,223.11,21.52,265.64,53.91,69.16,42.02,715.56,449.18,315.84,59.17,452.94,19.44,72.19,456.3,135.34,86.61,16.18,124.7,6.62,72.68,125.32,10.35,17.93,67.09,111.45,72.18,1,58.5,35.85,186.76,71.86,4.414,235.29,347.68,229.5,114.29,411.38,308.01,356.46,9.79,123.18,540.11,421.16,96.83,36.96,154.92
2025-05-15,13052.719,211.45,181.68,48.86,211.68,205.17,143.99,232.64,44.38,127.67,507.33,75.39,33.098,67.22,92.96,290.76,36.31,142.26,28.516,114.79,123.39,112.22,85.67,78.18,390.0,76.88,74.69,231.11,102.56,426.97,297.84,47.6,165.4,385.5,217.95,135.07,228.16,21.55,267.49,54.39,71.61,42.12,733.29,465.14,318.96,58.42,453.13,19.09,74.55,469.05,134.83,86.03,15.81,124.77,6.33,71.57,113.59,10.32,20.84,67.39,110.21,73.27,1,57.01,35.08,190.65,70.7,4.4,240.16,342.82,232.34,114.23,411.74,274.35,362.3,9.81,123.87,542.76,434.38,96.35,38.16,160.35
2025-05-16,13145.882,211.26,184.02,50.13,213.38,205.59,143.84,228.61,44.69,128.81,514.31,76.59,33.239,66.7,92.43,291.15,38.77,142.1,28.993,115.05,125.75,113.42,85.48,79.3,403.29,78.0,75.38,229.51,104.59,428.06,294.24,48.22,167.43,387.52,220.5,134.93,230.05,21.66,267.56,55.05,72.0,42.56,757.39,468.32,321.44,59.77,454.27,19.27,75.0,473.17,135.4,85.67,16.01,125.73,6.34,72.18,113.23,10.47,22.02,66.62,110.75,73.4,1,57.66,34.83,195.62,71.46,4.95,242.66,349.98,226.74,116.34,412.99,291.91,365.12,9.8,124.69,546.26,438.65,98.24,38.86,163.04
2025-05-19,13159.309,208.78,185.71,50.01,215.13,206.16,142.61,230.63,44.77,129.3,512.39,75.7,33.201,65.65,90.41,287.63,38.68,138.49,28.826,114.24,124.93,112.66,86.96,79.57,403.81,78.04,75.62,226.12,104.75,446.6,298.03,48.13,167.87,386.89,222.3,132.79,229.35,21.38,264.88,53.96,71.93,42.32,755.11,473.06,323.7,59.18,458.87,18.91,73.86,471.12,135.57,84.73,15.45,122.18,6.29,72.32,107.99,9.99,20.76,66.67,109.1,74.32,1,58.33,34.57,192.91,70.62,4.531,244.25,342.09,234.66,116.15,410.09,315.89,367.9,9.83,124.7,546.82,440.66,98.12,39.15,163.94
2025-05-20,13108.518,206.86,184.85,50.16,215.4,204.07,139.29,231.68,44.69,129.69,508.74,75.41,33.342,66.4,89.69,288.06,39.25,137.27,28.834,114.29,122.68,112.36,87.34,81.51,412.49,77.83,75.36,221.14,104.79,450.04,303.58,47.98,165.32,386.05,219.21,132.05,228.02,21.27,265.68,53.21,71.69,41.59,747.01,475.82,327.17,58.52,458.17,18.17,74.41,476.6,134.38,83.71,15.2,120.9,6.72,72.61,105.64,9.67,20.65,66.62,106.43,73.11,1,57.34,34.23,189.37,70.54,4.529,241.21,343.82,237.5,117.56,414.4,321.58,366.84,9.78,124.03,544.88,447.18,97.8,39.31,163.65
2025-05-21,12897.425,202.09,181.8,48.3,213.73,201.12,130.68,229.73,43.25,128.42,507.03,73.37,32.883,64.75,87.15,282.28,36.99,135.56,28.403,113.94,119.58,110.46,84.89,79.06,400.12,76.1,73.97,216.81,102.84,453.03,305.82,48.18,170.06,381.81,212.55,130.16,223.38,20.69,261.04,51.38,71.85,40.38,724.95,470.28,317.56,56.55,452.57,17.22,71.54,473.9,131.8,81.83,14.2,111.78,6.46,71.65,95.85,9.15,19.84,66.36,102.32,72.99,1,55.44,33.5,185.7,66.48,4.329,240.76,334.62,226.76,114.55,404.75,302.98,358.3,9.65,121.17,535.77,435.32,96.43,38.89,161.44
2025-05-22,12891.952,201.36,182.54,47.96,210.27,203.1,130.81,230.53,43.31,129.13,503.57,74.05,32.405,64.92,86.13,283.42,37.53,135.29,28.445,110.86,118.9,111.13,84.83,82.78,384.51,74.79,73.88,218.81,103.62,458.82,303.11,48.55,171.98,376.64,210.68,130.02,224.49,20.55,260.67,51.23,71.14,40.51,715.2,470.45,320.46,56.33,454.86,17.44,66.94,472.88,132.83,81.37,14.66,112.98,7.21,71.45,98.32,9.24,14.945,65.95,103.29,72.59,1,58.35,33.3,184.76,66.34,4.47,240.82,341.04,226.01,115.88,410.39,296.67,357.97,9.58,121.16,536.02,434.03,95.93,38.56,161.97
2025-05-23,12806.236,195.27,183.26,47.94,211.86,200.99,130.87,228.72,43.2,107.79,503.46,73.99,32.339,63.8,85.19,273.13,36.86,136.54,28.295,109.2,118.65,109.72,84.51,83.93,372.27,74.99,73.66,216.61,103.16,464.39,309.75,48.36,169.59,376.59,211.46,131.36,224.74,20.05,260.71,51.24,71.77,40.19,713.71,468.88,310.76,56.13,450.18,17.32,67.76,471.46,131.29,81.14,15.08,113.13,7.57,69.85,100.76,9.16,16.705,66.3,101.51,73.89,1,58.74,32.98,184.42,65.52,4.424,242.88,339.34,224.99,113.49,407.04,295.57,353.54,9.6,120.77,532.4,436.0,96.34,38.86,162.58
2025-05-26,12806.236,195.27,183.26,47.94,211.86,200.99,130.87,228.72,43.2,107.79,503.46,73.99,32.339,63.8,85.19,273.13,36.86,136.54,28.295,109.2,118.65,109.72,84.51,83.93,372.27,74.99,73.66,216.61,103.16,464.39,309.75,48.36,169.59,376.59,211.46,131.36,224.74,20.05,260.71,51.24,71.77,40.19,713.71,468.88,310.76,56.13,450.18,17.32,67.76,471.46,131.29,81.14,15.08,113.13,7.57,69.85,100.76,9.16,16.705,66.3,101.51,73.89,1,58.74,32.98,184.42,65.52,4.424,242.88,339.34,224.99,113.49,407.04,295.57,353.54,9.6,120.77,532.4,436.0,96.34,38.86,162.58
2025-05-27,13069.33,200.21,185.72,48.63,213.7,206.02,133.17,235.65,44.22,109.81,509.16,76.22,32.742,66.17,85.55,277.19,37.57,137.83,28.972,109.95,121.48,112.36,85.33,91.72,375.98,76.22,75.09,219.76,104.74,471.51,304.5,49.92,173.98,378.81,216.23,132.58,227.84,20.55,265.29,53.29,71.78,40.84,725.22,476.85,321.2,57.97,460.69,18.09,68.04,475.47,135.5,81.74,15.38,114.33,7.57,71.48,104.62,9.52,17.22,66.69,106.74,74.25,1,62.15,32.71,185.91,67.23,4.433,243.36,362.89,226.27,116.95,421.31,295.0,359.3,9.54,123.05,543.34,446.0,97.58,38.83,166.26
2025-05-28,12996.665,200.42,183.09,48.35,212.46,204.72,131.51,239.43,44.06,104.66,503.11,74.38,32.443,65.07,84.58,276.03,37.225,136.02,28.479,108.08,117.39,111.52,86.98,90.5,377.95,76.66,74.64,217.15,104.51,485.01,303.81,49.45,173.38,378.44,233.02,131.07,225.6,20.37,263.49,51.43,71.15,40.23,719.39,469.98,315.745,57.07,457.36,17.54,67.21,475.32,134.81,80.59,15.17,112.77,7.17,71.44,105.43,9.4,16.92,66.04,107.11,74.2,1,61.81,31.33,178.73,66.14,4.497,241.51,356.9,228.33,117.88,417.01,298.11,359.73,9.37,122.11,540.24,445.1,97.24,38.12,165.4
2025-05-29,13049.008,199.95,185.62,48.37,213.71,205.7,131.7,241.97,44.24,105.72,506.18,75.14,32.115,64.51,85.6,266.92,36.78,137.91,28.851,109.65,118.27,112.02,84.86,111.84,380.53,77.73,74.67,220.26,102.04,471.17,305.61,49.96,172.96,378.65,237.04,133.62,223.68,20.25,264.37,51.78,71.49,40.28,722.57,473.69,317.09,57.61,458.68,17.6,68.99,479.39,139.19,80.68,15.11,114.68,7.14,70.93,109.03,9.08,16.6,66.44,107.7,74.72,1,62.16,31.46,179.71,66.53,4.646,239.3,358.43,225.39,117.23,421.79,298.17,362.4,9.44,122.73,542.32,447.09,97.1,38.41,167.14
2025-05-30,13049.127,200.85,186.11,48.27,214.65,205.01,130.69,242.07,44.13,106.25,503.96,74.69,32.386,63.78,85.35,265.37,36.29,136.7,27.939,109.02,118.06,113.04,85.8,112.49,383.84,78.22,74.7,218.1,101.78,472.98,303.6,49.59,172.85,381.39,235.84,132.19,223.06,19.55,264.0,51.58,72.1,40.47,737.67,482.38,316.67,56.49,460.36,17.65,70.64,484.77,135.13,80.84,14.83,113.48,7.1,70.28,112.35,9.01,17.86,66.22,107.22,74.64,1,61.75,30.43,178.29,65.43,4.257,242.2,346.46,226.28,117.7,471.46,301.91,365.19,9.13,122.88,541.76,442.05,98.72,38.53,168.63
2025-06-02,13104.244,201.7,186.99,48.1,214.11,206.65,130.52,248.71,44.08,103.31,502.81,74.03,32.161,61.27,86.72,261.62,36.95,137.84,27.638,108.67,116.89,112.95,85.51,113.77,377.05,78.1,74.51,217.89,102.47,485.16,311.67,50.04,170.37,382.16,236.11,133.75,222.8,19.74,264.66,50.99,72.0,40.11,747.12,478.82,322.95,54.44,461.97,17.67,70.15,483.38,137.38,82.51,14.78,114.28,6.6,70.93,112.11,8.77,17.1,67.45,106.54,75.2,1,61.76,30.03,174.17,63.95,4.071,243.06,342.69,227.6,119.6,475.675,304.72,365.32,9.27,123.0,544.91,445.43,99.77,38.55,169.42
2025-06-03,13180.445,203.27,187.25,47.28,213.39,205.71,131.1,256.85,44.65,104.92,497.83,75.28,32.471,61.79,87.91,264.47,38.04,139.55,28.207,107.59,118.35,113.6,86.79,114.78,378.96,77.72,75.36,219.78,102.88,492.97,308.91,50.78,167.71,383.06,234.21,135.96,227.96,20.29,266.27,51.79,71.16,40.37,750.78,480.17,334.91,55.7,462.97,18.28,70.95,488.22,141.22,83.24,15.39,115.97,6.66,71.33,110.86,8.82,18.11,67.83,105.11,74.52,1,63.51,30.82,176.67,64.31,4.004,243.88,344.27,229.65,117.48,473.11,301.22,365.86,9.31,123.51,548.0,446.48,99.98,38.45,170.3
2025-06-04,13181.974,202.82,187.34,47.24,214.36,207.23,130.3,261.08,44.36,102.51,491.0,75.11,32.265,61.55,85.95,263.17,38.05,137.37,28.42,110.82,123.53,113.49,85.61,117.24,380.07,77.85,75.4,218.89,101.62,488.13,310.9,50.76,169.39,381.66,234.85,133.45,224.79,20.25,264.22,53.03,71.37,39.92,765.84,482.21,335.19,56.01,463.87,18.4,69.88,491.29,141.92,80.52,15.42,112.48,7.47,72.8,118.21,8.85,17.47,67.27,103.58,74.44,1,63.86,32.02,176.97,65.62,4.091,241.96,332.05,229.18,119.87,465.64,300.38,368.0,9.35,122.77,547.65,445.85,99.35,37.32,168.59
2025-06-05,13113.475,200.63,187.47,46.98,216.22,207.91,130.28,259.93,44.38,102.14,488.74,74.95,32.058,61.3,85.35,267.14,38.57,136.9,28.194,105.2,122.74,112.53,85.74,115.8,384.65,77.77,75.31,216.73,103.5,484.31,309.33,50.86,169.81,381.5,236.39,133.05,224.78,19.99,261.95,52.95,70.91,38.97,765.68,478.03,330.78,55.6,467.68,19.35,71.5,488.12,139.99,81.19,15.68,112.23,6.94,72.47,112.24,8.87,17.74,67.53,105.03,74.92,1,63.6,32.3,170.6,65.45,3.882,244.9,284.7,231.03,120.8,467.04,295.84,366.77,9.5,122.47,545.09,443.82,97.96,37.66,168.61
2025-06-06,13249.813,203.92,189.83,47.42,212.54,213.57,133.45,246.93,44.97,103.25,493.53,75.06,32.508,61.78,87.22,274.51,41.86,140.21,28.495,105.13,120.74,113.9,86.67,117.66,393.36,77.52,76.04,219.61,104.94,485.0,305.18,50.71,174.92,384.34,237.24,136.13,226.49,20.06,265.73,51.62,71.35,39.09,769.88,481.69,265.27,56.54,470.38,19.56,72.16,489.41,141.72,81.72,15.59,114.29,7.3,73.43,121.29,9.21,18.19,68.02,111.41,75.8,1,64.99,32.76,171.93,66.14,4.056,245.86,295.14,232.72,121.73,465.64,303.22,370.22,9.49,124.19,550.66,450.5,97.47,37.65,170.16
2025-06-09,13263.132,201.45,189.16,47.9,212.83,216.98,133.51,244.28,44.87,101.9,493.33,76.62,32.414,62.25,88.04,272.25,42.09,140.76,28.684,107.27,122.65,115.66,85.68,116.51,389.61,76.36,76.03,222.18,102.08,480.0,306.62,50.89,177.63,373.01,238.12,136.63,228.07,20.48,266.74,52.95,71.77,39.28,773.71,480.83,259.04,58.48,472.75,19.59,71.9,491.36,142.63,81.12,16.48,116.1,7.65,73.55,117.53,9.36,18.72,68.26,107.8,76.57,1,65.84,33.54,171.13,67.21,4.1,237.95,308.58,233.5,121.42,468.32,303.19,366.66,9.58,123.61,551.25,446.15,97.45,37.89,164.61
2025-06-10,13336.289,202.67,189.5,48.74,214.61,217.61,135.62,244.63,45.09,100.65,491.13,78.16,33.37,64.04,91.18,268.22,42.94,143.35,29.34,107.68,126.94,118.73,84.82,117.96,383.92,75.8,75.73,227.96,101.63,465.31,306.71,50.61,180.01,364.92,234.19,138.66,223.3,22.08,268.6,54.74,72.35,39.76,807.19,476.9,258.5,60.58,470.92,19.74,72.81,488.8,143.96,81.72,16.81,118.7,7.63,74.76,117.09,9.15,20.93,70.05,110.26,76.65,1,64.48,34.08,171.55,69.17,4.197,236.98,326.09,234.91,119.13,462.21,303.79,370.7,9.66,123.72,554.39,451.52,97.32,38.26,167.1
2025-06-11,13299.872,198.78,191.5,48.67,214.36,213.2,138.03,252.91,44.73,100.65,488.14,77.7,32.958,62.98,93.35,265.91,41.52,144.78,29.027,106.67,124.81,119.52,82.99,124.52,380.93,75.47,75.76,224.0,102.02,483.47,308.37,50.45,178.79,367.59,235.32,140.58,226.15,20.68,268.15,53.42,72.07,39.38,808.61,456.6,252.28,61.12,472.62,19.08,73.0,488.46,142.83,82.9,16.82,120.95,7.38,74.61,115.03,9.01,20.83,71.02,114.13,76.86,1,64.06,34.0,169.04,68.13,4.258,230.94,326.43,234.74,118.19,456.97,310.56,373.31,9.61,123.59,552.86,452.44,95.8,38.1,166.33
2025-06-12,13350.848,199.2,192.42,49.66,217.7,213.24,138.11,256.07,44.62,102.1,490.34,76.23,33.042,62.37,94.69,266.91,41.28,144.97,28.625,107.31,126.24,118.61,82.85,128.54,386.22,75.89,75.659,225.0,101.66,487.67,312.2,50.82,176.97,371.67,237.54,141.14,229.12,20.77,268.24,53.77,72.24,39.04,812.03,469.27,247.03,60.13,478.87,18.72,73.84,497.13,145.0,82.65,16.48,121.52,7.32,74.81,116.2,8.8,21.02,71.44,109.21,75.66,1,63.85,33.35,169.81,67.42,4.163,228.7,319.11,234.46,115.8,462.43,318.5,371.4,9.54,123.56,554.95,460.06,94.83,38.36,168.82
2025-06-13,13202.257,196.45,191.08,52.0,214.8,212.1,132.11,248.7,44.09,103.3,487.54,74.72,32.799,59.62,96.96,258.4,41.36,145.91,27.968,105.29,123.08,117.94,81.99,125.26,384.55,75.15,74.88,224.38,100.83,478.45,316.29,49.6,175.88,371.18,238.79,142.26,232.73,20.14,264.95,52.44,71.02,38.12,819.36,486.45,239.11,60.1,474.96,17.78,74.78,516.72,141.97,83.75,15.61,122.15,6.96,70.83,118.18,8.65,23.3,72.54,105.34,74.69,1,61.57,32.78,164.88,65.26,4.04,228.0,325.31,230.23,113.39,459.17,313.53,352.85,9.46,120.97,548.77,455.45,94.44,38.05,164.33
2025-06-16,13328.429,198.42,190.86,54.16,214.98,216.1,134.1,252.1,44.41,102.17,490.23,74.46,32.892,61.67,95.0,263.88,41.58,146.03,28.433,103.11,123.65,119.48,83.0,126.21,376.53,74.82,75.44,226.77,101.95,487.88,311.78,50.78,177.94,368.59,236.88,141.75,229.26,20.74,270.36,52.99,70.52,38.04,807.58,467.06,241.285,61.22,479.14,18.55,73.78,497.52,144.69,82.15,16.49,123.62,6.93,72.26,126.2,9.09,23.98,71.43,108.37,75.15,1,64.82,33.15,162.81,65.75,4.225,230.99,329.13,238.6,116.67,471.94,307.66,355.48,9.82,122.42,554.07,450.91,94.29,37.38,164.38
2025-06-17,13217.517,195.64,185.48,54.1,215.14,214.82,132.36,249.37,44.23,102.22,483.48,73.03,32.349,60.08,95.5,262.76,43.19,148.85,28.081,102.27,119.92,118.13,81.83,125.57,375.19,73.27,74.91,222.53,102.88,488.66,311.94,50.48,177.23,372.45,239.1,144.31,234.08,20.8,269.52,50.61,69.62,37.15,791.24,479.34,235.2,59.59,478.04,18.13,71.86,503.97,144.12,81.36,16.47,124.54,6.115,70.67,133.84,8.95,15.96,72.33,106.53,74.1,1,63.32,32.16,160.56,64.14,3.842,221.43,316.35,237.52,116.32,471.75,308.87,357.84,9.35,121.53,549.35,441.99,94.25,37.06,161.67
2025-06-18,13213.877,196.58,185.49,53.99,215.48,212.52,133.09,251.26,45.06,102.0,485.14,73.09,32.096,60.06,93.8,259.5,44.43,148.19,27.964,101.63,121.28,117.86,81.01,122.24,375.91,73.98,74.79,223.3,100.82,490.19,310.26,50.49,173.98,376.86,243.63,143.66,234.21,21.49,273.96,50.62,69.21,36.86,785.03,468.6,228.65,58.64,480.24,18.39,71.57,494.65,145.48,81.17,17.28,124.82,6.22,68.57,141.16,8.85,16.98,72.0,105.97,74.2,1,63.09,33.11,160.0,64.59,3.833,220.99,322.05,238.5,116.68,473.46,307.2,340.38,9.3,121.76,549.24,448.4,95.09,37.39,155.06
2025-06-19,13213.877,196.58,185.49,53.99,215.48,212.52,133.09,251.26,45.06,102.0,485.14,73.09,32.096,60.06,93.8,259.5,44.43,148.19,27.964,101.63,121.28,117.86,81.01,122.24,375.91,73.98,74.79,223.3,100.82,490.19,310.26,50.49,173.98,376.86,243.63,143.66,234.21,21.49,273.96,50.62,69.21,36.86,785.03,468.6,228.65,58.64,480.24,18.39,71.57,494.65,145.48,81.17,17.28,124.82,6.22,68.57,141.16,8.85,16.98,72.0,105.97,74.2,1,63.09,33.11,160.0,64.59,3.833,220.99,322.05,238.5,116.68,473.46,307.2,340.38,9.3,121.76,549.24,448.4,95.09,37.39,155.06
2025-06-20,13185.844,201.0,185.3,53.61,217.48,209.69,134.52,249.99,45.5,99.97,484.85,73.19,32.349,60.39,94.69,260.63,44.25,149.55,27.68,100.72,124.2,117.63,80.0,119.85,374.52,73.83,74.53,226.04,99.85,486.96,310.13,50.42,167.73,377.5,248.8,144.46,234.54,21.08,275.0,51.75,68.84,37.13,762.73,470.56,227.47,58.34,477.4,18.86,71.53,497.7,143.85,82.37,17.05,124.78,6.18,70.05,139.15,8.54,16.52,72.4,106.4,73.25,1,63.59,32.08,162.4,64.55,3.6,221.52,322.16,238.37,116.5,473.85,302.01,338.57,9.06,122.15,547.72,440.87,96.12,37.34,157.17
2025-06-23,13312.753,201.5,183.76,52.82,221.63,208.47,134.03,253.77,46.3,100.69,487.77,74.57,32.405,60.27,91.71,263.41,45.55,146.86,28.023,100.3,128.66,117.75,79.84,123.11,372.42,75.32,75.58,229.23,103.15,499.88,311.08,51.8,166.01,378.72,252.3,141.52,237.1,21.19,278.27,53.32,69.74,37.36,770.64,472.46,225.56,57.34,486.0,18.6,70.73,499.67,144.17,79.85,17.11,121.03,6.37,72.01,134.14,8.26,16.06,70.84,109.98,74.21,1,63.62,32.91,163.3,65.66,3.605,226.98,348.68,241.59,117.76,471.56,300.68,343.75,9.18,123.66,553.36,443.54,97.87,38.01,157.34
2025-06-24,13461.103,200.3,185.55,52.93,223.91,212.77,139.91,263.77,46.66,100.16,493.48,75.51,32.986,60.9,89.39,271.17,46.78,143.55,28.529,101.2,129.63,118.65,87.57,121.87,376.42,75.85,76.38,229.51,104.42,510.84,306.19,51.42,167.74,379.02,249.36,138.6,231.63,22.55,281.26,53.08,70.21,37.65,778.08,460.2,232.93,58.33,490.11,19.4,71.4,484.0,147.9,80.56,17.49,119.46,6.59,73.58,140.79,8.66,18.93,70.14,114.42,75.085,1,65.34,33.95,164.49,66.36,3.818,229.82,340.47,243.05,121.62,464.49,305.62,351.63,9.21,125.47,559.44,450.27,98.0,37.86,157.77
2025-06-25,13461.166,201.56,185.39,52.3,220.22,211.99,137.73,264.65,46.85,101.34,486.21,75.08,32.639,60.21,89.0,267.76,47.66,143.23,28.437,99.86,127.29,119.42,84.68,125.41,373.86,76.97,75.71,222.0,103.69,502.67,307.12,51.39,171.49,374.19,248.86,138.12,235.12,22.2,284.06,51.75,69.63,36.94,792.3,458.39,231.52,57.48,492.27,19.02,70.34,486.92,154.31,80.19,17.4,119.63,6.56,73.07,141.68,8.56,19.09,69.44,113.89,75.94,1,64.81,34.27,161.53,66.25,3.938,230.9,327.55,241.64,119.82,459.09,302.02,345.26,9.06,125.12,559.72,445.82,97.26,37.09,157.23
2025-06-26,13569.287,201.0,186.79,53.17,217.52,217.12,139.35,270.17,47.46,103.27,485.05,76.39,32.986,61.7,90.89,270.74,46.7,144.44,28.976,100.54,127.15,121.46,85.04,124.89,373.18,77.15,76.61,221.07,103.86,506.81,306.78,51.7,174.43,377.66,253.7,140.12,239.83,22.5,288.75,52.13,69.47,37.07,795.12,457.9,231.58,58.4,497.45,19.46,70.99,493.66,155.02,81.32,18.26,120.17,6.39,73.17,143.95,9.33,20.065,70.99,113.07,76.17,1,65.11,35.25,161.32,67.59,4.124,231.42,325.78,239.33,121.43,457.66,302.62,346.03,9.47,125.8,564.15,443.4,96.02,36.97,155.79
2025-06-27,13641.1,201.08,182.31,51.98,217.78,223.3,142.92,269.35,47.12,102.86,485.68,76.45,33.089,61.43,90.17,273.42,47.49,143.79,28.809,100.44,128.69,122.34,86.33,126.33,381.49,78.21,77.31,228.91,103.11,519.66,301.22,51.82,178.27,379.3,258.38,138.97,238.65,22.69,287.11,52.72,70.33,37.12,775.45,458.59,235.02,58.67,495.94,20.18,70.89,494.0,157.75,81.25,18.28,119.25,6.8,73.64,143.01,9.19,19.8,70.98,113.65,76.87,1,66.63,35.01,161.33,67.65,4.007,235.25,323.63,241.44,122.74,458.27,309.11,348.61,9.74,126.14,566.95,441.3,97.27,36.92,156.17
2025-06-30,13712.709,205.17,185.62,52.78,221.02,219.39,141.87,275.65,47.32,104.13,485.77,75.0,33.436,61.08,89.74,272.69,48.64,143.19,28.688,100.84,128.92,124.01,87.29,124.44,388.96,78.21,77.53,227.31,105.72,529.15,304.83,52.59,177.39,383.1,258.75,138.54,241.46,22.4,289.91,52.97,70.75,37.01,779.53,463.14,237.58,57.86,497.41,20.28,69.42,499.98,157.99,81.63,17.87,119.3,6.94,74.32,150.57,8.98,20.4,70.41,115.35,77.18,1,67.93,35.27,162.68,67.75,4.144,238.26,317.66,242.85,124.36,467.82,311.97,355.05,9.71,127.3,568.03,445.2,97.78,37.14,155.95
2025-07-01,13697.681,207.82,189.99,54.45,224.47,220.46,141.63,264.74,48.15,107.31,489.61,77.9,34.035,63.36,91.99,271.91,48.51,145.57,29.884,103.9,133.9,123.49,83.58,126.67,395.76,77.18,77.92,234.33,102.43,506.0,307.55,52.59,176.91,389.53,252.24,141.15,246.31,22.85,290.41,55.36,71.67,37.96,775.9,465.94,245.12,61.2,492.05,20.98,73.06,503.53,153.3,80.99,18.24,123.15,6.6,75.29,152.23,9.16,21.86,71.19,112.67,76.95,1,68.27,35.21,166.42,70.41,4.216,241.51,300.71,240.1,117.23,473.44,326.14,355.47,9.82,128.13,567.77,452.16,98.24,37.68,159.19
2025-07-02,13763.035,212.44,190.75,55.9,222.83,219.92,142.78,269.9,48.71,108.27,480.48,78.93,33.567,64.28,94.44,269.21,51.67,147.98,30.511,104.99,135.61,122.98,83.58,129.48,350.25,77.02,78.127,239.14,102.21,505.07,309.25,52.72,179.76,378.04,249.18,143.52,250.15,21.88,292.0,55.74,70.91,38.57,779.28,462.55,246.3,62.56,491.09,21.37,73.02,498.9,157.25,82.14,18.61,126.46,6.61,76.31,159.34,9.65,23.6,72.28,114.77,76.66,1,69.22,37.44,173.87,71.56,4.852,237.42,315.65,239.51,116.51,474.84,307.56,354.22,10.28,128.33,570.29,457.03,97.61,37.11,159.08
2025-07-03,13879.976,213.55,189.28,55.31,221.75,223.41,144.47,275.18,48.93,108.93,485.0,78.37,33.717,63.83,93.68,272.15,52.17,148.37,30.833,104.73,131.9,124.0,82.93,130.98,347.84,76.79,78.76,241.23,105.66,517.04,307.14,53.04,180.55,376.58,253.9,144.03,252.08,22.49,296.0,54.15,71.35,38.68,780.67,462.52,247.68,62.01,498.84,21.98,73.88,504.2,159.34,82.14,18.48,127.29,6.64,76.59,157.03,9.38,27.54,71.92,116.52,77.49,1,69.23,37.15,172.32,71.1,5.387,240.75,315.35,240.11,120.27,477.79,308.55,358.86,10.22,129.58,575.22,459.62,98.36,36.78,159.18
2025-07-04,13879.976,213.55,189.28,55.31,221.75,223.41,144.47,275.18,48.93,108.93,485.0,78.37,33.717,63.83,93.68,272.15,52.17,148.37,30.833,104.73,131.9,124.0,82.93,130.98,347.84,76.79,78.76,241.23,105.66,517.04,307.14,53.04,180.55,376.58,253.9,144.03,252.08,22.49,296.0,54.15,71.35,38.68,780.67,462.52,247.68,62.01,498.84,21.98,73.88,504.2,159.34,82.14,18.48,127.29,6.64,76.59,157.03,9.38,27.54,71.92,116.52,77.49,1,69.23,37.15,172.32,71.1,5.387,240.75,315.35,240.11,120.27,477.79,308.55,358.86,10.22,129.58,575.22,459.62,98.36,36.78,159.18
2025-07-07,13771.11,209.95,187.63,54.52,220.02,223.47,141.53,274.18,48.66,110.43,478.03,76.37,33.201,62.95,92.55,269.8,51.19,147.4,30.524,102.93,130.97,123.16,82.94,122.39,346.88,76.69,78.44,235.09,106.65,530.28,307.37,52.38,177.56,378.98,254.04,143.32,253.53,22.0,291.97,52.78,71.01,38.25,772.87,469.06,237.57,60.73,497.72,21.45,74.75,507.92,158.24,80.17,18.32,126.4,6.43,76.18,153.37,8.98,26.43,69.82,116.66,76.64,1,69.41,35.95,170.34,69.3,5.034,237.63,293.94,242.53,121.49,475.99,303.71,356.64,9.94,128.44,570.61,459.41,99.35,36.89,157.05
2025-07-08,13761.331,210.01,189.77,54.55,220.7,219.36,145.01,271.8,47.15,107.57,477.47,78.38,33.726,63.76,95.79,273.65,54.82,153.24,31.147,105.19,131.37,121.82,83.76,116.99,349.46,76.39,78.52,238.71,107.54,530.0,304.16,52.73,175.16,377.6,247.06,150.23,247.95,23.59,282.78,53.24,70.24,38.6,777.66,463.01,238.54,63.7,496.62,21.64,72.46,504.85,160.0,81.6,18.31,130.0,6.71,75.03,145.96,8.98,26.15,71.26,112.48,76.99,1,67.84,37.95,170.55,71.69,5.903,235.97,297.81,240.56,122.12,483.21,307.7,354.55,9.99,127.42,570.23,466.36,97.09,37.09,157.8
2025-07-09,13844.917,211.14,190.62,54.0,221.83,222.54,146.65,277.9,46.84,107.02,478.91,78.84,33.37,63.19,94.53,270.92,60.08,153.02,31.595,104.74,138.41,120.61,84.87,117.66,346.36,77.19,79.08,236.51,107.65,535.77,305.52,52.57,177.66,378.44,246.01,150.88,248.92,23.44,283.16,55.97,69.48,38.85,786.92,463.06,235.89,64.84,503.51,21.96,73.65,507.94,162.88,81.16,18.46,130.51,6.51,74.83,145.65,9.14,27.09,71.73,114.32,77.14,1,69.01,38.45,169.04,72.91,6.751,232.31,295.88,242.23,121.49,475.57,302.91,357.76,9.86,127.86,573.61,478.965,96.81,37.35,158.27
2025-07-10,13884.89,212.41,195.0,54.89,221.01,222.26,148.21,275.4,46.97,107.68,478.27,79.06,33.183,63.57,95.37,263.97,59.0,154.17,31.841,105.49,139.62,121.56,85.46,115.37,345.86,78.8,79.33,238.73,100.2,539.36,306.2,52.26,178.7,378.32,242.07,152.04,258.11,23.82,288.19,56.18,69.77,39.21,790.65,464.31,238.52,65.32,501.48,23.15,74.64,513.87,164.1,80.91,19.3,134.39,6.72,75.7,143.0,9.3,27.57,72.3,115.16,76.94,1,68.76,39.12,172.12,73.85,6.371,228.15,309.87,235.33,117.32,476.14,299.51,355.88,9.96,128.68,575.29,479.53,94.86,37.54,158.8
2025-07-11,13839.113,211.16,192.45,54.94,219.24,225.02,147.18,274.38,46.73,106.94,475.86,78.44,32.78,61.45,95.61,258.07,56.8,155.31,31.574,103.55,136.82,119.87,83.37,109.98,340.67,78.05,79.07,236.06,99.06,539.16,309.14,51.6,181.31,376.07,245.81,153.22,258.18,23.43,286.86,55.6,69.87,38.6,793.01,467.51,236.51,64.55,503.32,22.62,74.4,514.6,164.92,81.34,17.83,131.71,6.38,71.36,145.59,8.95,25.62,72.3,112.11,76.52,1,65.14,37.63,172.19,72.87,5.805,227.76,313.51,233.92,113.16,476.84,304.1,347.93,10.14,127.32,573.22,468.85,94.4,37.33,154.96
2025-07-14,13858.618,208.62,191.52,54.3,221.78,225.69,148.53,275.6,47.07,107.75,476.31,77.8,33.389,60.44,94.17,259.68,56.42,151.65,31.31,101.9,136.1,119.97,85.33,106.02,340.07,78.28,79.45,233.98,102.97,555.04,308.01,53.12,182.81,380.45,252.11,149.45,258.5,23.3,288.7,55.32,69.47,38.38,799.34,473.57,228.89,63.04,503.02,23.27,75.04,521.11,164.07,81.58,17.75,129.01,6.44,73.89,146.38,8.86,26.72,71.1,116.74,77.43,1,68.68,37.92,164.58,71.58,6.568,228.15,316.9,238.46,118.48,479.67,300.58,350.5,9.9,128.34,574.35,472.35,95.78,37.85,155.65
2025-07-15,13805.085,209.11,186.39,53.73,218.92,226.35,145.72,280.94,46.15,104.77,470.13,76.19,32.527,58.62,92.55,257.58,52.73,150.69,30.984,101.57,129.82,118.98,84.78,106.86,336.21,76.81,78.79,230.66,104.93,559.61,306.73,52.52,183.1,371.8,250.17,148.62,253.68,22.92,286.55,53.63,69.36,37.49,771.75,470.12,222.19,62.44,505.82,22.74,74.7,516.82,170.7,79.94,17.34,128.27,6.44,72.96,144.8,8.79,27.37,70.4,115.05,77.31,1,66.01,36.5,165.99,69.8,5.933,226.02,310.78,237.7,126.16,473.78,291.71,347.02,9.69,126.0,571.86,464.2,95.39,37.47,152.86
2025-07-16,13849.172,210.16,190.58,54.0,223.36,223.19,152.71,280.81,46.03,105.0,471.31,75.71,32.227,59.28,91.51,257.95,55.14,149.92,30.93,103.18,131.51,119.82,84.13,108.51,344.55,76.14,79.13,228.75,103.44,561.17,308.26,52.97,183.77,362.58,251.29,147.55,253.82,22.69,285.82,54.85,69.27,37.35,789.8,471.47,226.11,62.42,505.62,23.05,74.77,519.7,171.37,79.17,17.57,123.67,6.385,72.97,144.31,8.93,24.96,70.67,120.0,78.29,1,69.03,36.25,168.12,69.51,6.027,228.74,321.67,238.73,122.16,485.08,292.49,349.9,9.78,127.06,573.74,469.55,95.15,37.25,151.54
2025-07-17,13923.748,210.02,191.4,53.54,223.04,223.88,156.05,286.45,47.02,108.85,473.4,76.26,32.508,59.91,92.81,259.88,55.09,151.38,31.139,103.16,131.65,122.21,84.1,110.9,302.45,76.18,79.99,228.37,104.92,570.17,307.59,54.2,184.7,362.6,251.91,148.97,255.35,22.8,289.9,55.6,70.59,37.45,761.5,469.2,233.31,63.3,511.7,23.6,75.18,523.83,173.0,81.24,18.25,125.18,6.28,73.86,142.52,9.58,25.255,70.34,126.75,77.87,1,70.73,38.95,171.52,70.82,6.113,227.03,319.41,233.92,126.41,490.07,288.07,349.81,9.81,128.46,577.18,463.27,95.09,37.29,150.03
2025-07-18,13923.349,211.18,189.26,54.39,224.77,226.13,152.0,283.34,47.32,109.33,473.8,74.9,32.358,59.61,91.64,262.38,65.13,150.04,31.599,103.25,131.8,121.42,83.89,117.63,277.09,76.49,79.7,226.62,105.42,574.6,308.39,54.01,185.94,361.12,253.13,148.97,254.49,23.1,291.27,53.89,69.85,37.12,771.71,463.96,229.77,63.21,510.05,23.59,75.95,519.04,172.41,83.3,18.05,125.9,6.29,74.17,148.24,9.73,26.62,70.28,127.07,76.9,1,72.82,38.68,170.57,70.11,6.213,227.21,329.65,231.18,131.0,493.3,282.65,349.05,9.77,128.47,576.92,459.81,95.05,37.4,148.6
2025-07-21,13943.162,212.48,184.85,54.15,226.5,229.3,148.69,288.21,47.48,109.32,474.41,75.03,32.799,59.88,91.0,262.28,65.33,149.68,31.766,102.26,131.22,120.84,84.03,111.61,276.45,76.56,79.19,225.73,106.94,565.91,313.13,53.9,191.15,364.55,251.46,148.97,252.93,23.26,290.97,54.23,70.07,37.11,762.18,460.53,223.21,62.65,510.06,23.19,76.17,515.29,171.38,80.38,18.33,126.05,6.19,74.82,146.29,9.89,28.83,70.32,128.43,77.24,1,78.08,38.7,167.95,69.57,6.735,232.62,328.49,231.63,131.1,497.41,282.14,350.94,10.13,128.06,577.95,458.49,95.67,37.47,147.37
2025-07-22,13952.354,214.4,187.11,55.41,232.35,227.47,149.65,278.59,47.77,111.89,478.13,77.02,33.042,62.09,92.98,263.59,65.93,150.04,32.431,105.51,153.5,121.06,85.12,116.05,281.72,76.3,79.55,231.7,104.81,548.99,316.1,54.02,192.11,350.97,248.96,148.97,253.96,23.24,291.43,59.01,69.66,38.48,776.44,410.74,223.93,65.41,505.27,23.6,77.54,563.79,167.03,80.74,18.4,126.16,6.49,76.0,145.8,9.58,31.86,71.15,123.71,76.71,1,79.27,41.15,175.36,72.8,7.859,233.25,332.11,231.07,131.0,502.74,285.13,351.86,10.37,128.74,577.95,470.13,95.85,38.02,151.19
2025-07-23,14061.523,214.15,190.55,56.22,230.18,228.29,151.85,283.69,48.14,115.95,482.63,78.14,33.529,62.46,95.04,267.22,68.14,153.12,32.03,106.08,148.17,122.94,86.43,117.66,296.6,76.91,81.0,237.9,105.06,629.03,312.18,55.8,191.51,353.27,252.66,148.97,265.56,23.49,296.76,58.7,69.16,38.61,798.89,419.39,224.03,67.22,505.87,24.32,72.82,568.5,170.78,81.67,18.605,127.85,6.77,76.66,146.1,10.02,29.07,72.76,122.21,76.69,1,79.7,39.55,176.09,74.09,7.361,233.93,332.56,228.73,132.7,508.1,292.51,355.29,10.4,129.61,582.86,476.95,95.68,37.7,153.45
2025-07-24,14071.447,213.76,190.83,55.5,231.24,232.23,151.64,288.71,48.39,115.12,480.6,75.47,33.136,60.44,95.62,267.7,66.06,155.83,31.285,105.54,144.7,121.95,86.74,119.22,280.43,75.8,80.9,236.51,104.77,623.97,310.27,55.72,193.2,341.48,251.49,148.97,263.33,22.63,296.55,56.55,69.1,31.73,805.43,420.55,218.69,60.7,510.88,23.5,71.97,568.48,173.74,82.01,18.21,124.32,6.43,77.82,148.13,9.72,28.47,72.38,122.08,75.75,1,79.77,41.41,175.64,72.69,7.028,247.5,305.3,225.75,131.67,513.55,278.58,353.97,10.23,129.41,583.26,472.27,96.6,37.17,152.82
2025-07-25,14128.124,213.88,190.28,55.35,229.87,231.44,151.13,290.18,48.45,113.05,484.07,76.13,31.553,60.63,94.95,269.11,64.76,154.84,31.691,107.05,145.32,121.47,88.99,120.86,289.1,80.0,81.86,243.2,104.82,644.59,307.4,55.36,194.08,334.32,253.62,148.97,264.82,20.7,298.62,56.86,69.17,32.17,812.69,421.17,219.43,64.01,513.71,23.82,71.85,569.74,173.5,81.54,19.23,124.97,6.56,77.98,149.66,9.47,27.23,71.99,124.43,75.08,1,80.74,41.65,175.52,73.9,6.885,243.55,316.06,224.75,131.06,514.95,281.06,357.04,10.0,130.3,585.58,469.65,97.47,37.1,152.12
2025-07-28,14130.605,214.05,188.52,54.76,224.21,232.79,148.7,294.3,48.23,107.12,481.7,75.26,31.412,60.37,97.02,270.25,63.75,156.28,31.394,104.19,146.2,120.37,89.53,120.95,285.98,78.49,81.54,242.41,104.88,647.66,305.41,55.41,193.42,340.54,255.17,148.97,262.49,20.68,298.28,57.03,68.09,31.49,808.11,421.34,216.59,62.88,512.5,23.88,71.34,568.62,176.75,81.81,18.85,127.69,6.38,78.22,151.6,9.08,27.06,72.21,126.84,74.06,1,80.57,39.13,172.6,73.93,6.997,238.19,325.59,226.1,131.51,519.27,282.12,355.47,9.84,129.54,585.44,460.83,97.61,36.73,150.75
2025-07-29,14088.863,211.27,191.22,54.2,214.71,231.01,147.82,297.42,47.95,108.21,476.56,74.57,30.756,59.34,97.99,267.39,59.02,157.03,31.076,104.32,147.35,119.91,89.35,119.93,288.73,80.47,80.75,234.54,104.77,632.67,306.25,61.98,196.43,344.5,256.09,148.97,260.84,20.41,297.04,56.87,69.38,30.47,762.95,420.13,214.04,62.48,512.57,23.41,71.95,573.22,175.51,83.47,18.35,128.41,6.18,71.45,144.85,8.63,24.95,73.11,124.85,74.65,1,78.18,38.82,175.83,68.61,5.769,239.25,321.2,223.98,129.85,513.63,261.07,351.29,9.89,128.86,583.92,468.41,98.33,37.2,151.01
2025-07-30,14071.343,209.05,189.31,55.2,208.74,230.19,145.46,302.62,47.96,107.48,476.0,72.42,30.447,58.4,96.67,264.81,57.68,153.56,30.198,102.82,143.31,119.54,89.06,123.28,293.55,81.16,80.42,223.86,101.71,655.0,300.96,62.61,197.44,355.06,257.68,148.97,258.52,20.34,299.63,55.16,68.75,30.12,760.08,418.68,206.47,58.85,513.24,23.4,70.99,572.81,179.27,82.19,18.52,124.4,7.34,69.71,149.33,8.41,25.81,71.72,123.01,73.48,1,77.59,37.37,171.46,67.77,6.124,241.58,319.04,223.81,130.92,517.43,266.04,350.91,9.63,128.5,583.21,469.16,97.59,36.92,148.81
2025-07-31,14020.463,207.57,189.02,54.18,208.39,234.11,145.32,293.7,47.27,107.33,471.88,72.18,31.131,56.57,95.34,258.33,56.26,151.64,30.072,97.95,142.84,119.11,80.77,121.19,283.08,79.31,80.41,223.49,99.9,660.29,302.96,63.24,192.86,353.99,258.09,148.97,278.86,19.8,296.24,55.26,67.89,29.47,740.07,420.98,200.53,57.93,533.5,25.56,71.06,576.61,177.87,82.11,18.06,123.58,7.14,68.76,160.59,8.44,25.66,72.21,122.21,73.28,1,77.26,36.75,167.04,67.65,5.809,238.41,308.27,222.73,129.0,515.01,249.56,345.47,9.53,127.78,581.02,456.87,97.98,36.8,145.79
2025-08-01,13796.829,202.38,195.22,53.85,212.1,214.75,138.29,288.64,45.66,109.7,472.84,72.0,30.466,49.3,92.76,250.74,56.09,151.4,29.252,97.46,150.3,116.59,79.28,116.42,274.66,79.33,79.15,217.1,97.36,656.5,309.11,62.05,189.95,356.97,257.28,148.97,269.83,19.31,289.37,57.19,68.86,29.64,762.33,421.01,193.33,53.42,524.11,24.5,70.4,586.44,173.72,78.99,17.8,119.6,6.6,67.11,188.64,8.06,25.55,72.0,118.6,73.02,1,74.03,35.8,166.18,66.98,5.687,237.2,302.63,220.58,121.16,507.73,237.77,339.35,9.71,125.23,571.45,462.13,98.49,38.18,147.38
2025-08-04,14000.689,203.35,197.19,54.36,212.98,211.65,142.02,297.72,45.85,111.43,459.11,73.71,30.503,51.08,92.85,252.32,59.59,151.04,29.658,98.17,153.28,119.35,76.25,116.28,274.93,80.09,79.93,217.49,98.55,662.77,310.91,63.49,195.75,363.2,263.87,148.97,265.67,19.5,294.26,58.14,68.96,29.52,769.0,423.7,196.45,50.9,535.64,25.34,70.53,589.75,180.0,79.83,17.65,121.46,6.96,68.01,201.76,8.38,25.63,71.85,125.21,72.62,1,76.12,36.38,170.29,67.93,6.078,241.01,309.26,225.99,125.32,514.99,240.98,342.15,9.85,126.78,580.14,472.27,99.59,38.33,151.81
2025-08-05,13932.88,202.92,198.55,57.62,210.05,213.75,145.54,292.93,45.56,111.45,464.19,80.1,30.456,52.29,93.2,247.49,55.59,153.04,30.365,101.7,154.83,118.32,75.46,109.84,276.41,79.24,79.87,222.41,96.21,649.72,311.16,63.17,195.32,363.81,246.09,148.97,270.92,20.19,291.37,59.27,69.05,29.96,765.95,428.24,195.07,51.98,527.75,25.0,71.18,589.95,178.26,75.7,17.39,122.07,7.11,67.83,199.09,8.37,26.12,72.4,127.0,72.55,1,75.29,36.13,170.65,69.36,6.358,238.93,308.72,225.92,124.65,510.17,251.0,337.43,9.87,126.3,577.35,374.98,99.31,37.91,146.12
2025-08-06,14034.353,213.25,196.3,56.73,208.9,222.31,145.87,301.67,45.42,111.87,468.91,77.84,30.129,51.84,93.11,249.17,56.34,152.78,29.612,106.97,154.06,115.17,76.4,110.39,276.3,78.61,79.81,226.45,96.58,664.55,310.5,63.98,196.92,366.15,248.01,148.97,267.49,20.41,291.35,58.64,69.51,29.94,746.37,434.85,196.51,49.55,524.94,24.81,70.54,589.29,179.42,75.23,17.02,119.84,7.07,69.42,212.81,8.21,25.79,72.24,154.9,72.0,1,76.13,36.27,169.16,68.27,6.172,239.22,319.91,227.21,130.22,516.19,245.78,339.74,9.85,126.81,581.64,385.65,103.36,37.91,146.5
2025-08-07,14023.351,220.03,198.86,57.86,210.01,223.13,141.11,303.76,44.92,110.79,461.47,77.74,29.669,50.97,92.6,240.88,55.96,153.16,29.646,109.0,153.89,112.88,76.4,99.92,283.48,77.93,79.72,224.66,75.3,645.86,313.12,64.76,197.28,373.33,247.15,148.97,266.45,19.77,286.94,58.77,70.43,29.75,640.86,430.75,191.14,50.17,520.84,24.47,72.58,587.38,180.77,75.48,16.92,119.3,7.11,68.22,211.82,8.05,24.42,71.37,151.07,72.47,1,76.85,38.67,173.22,68.74,6.505,242.93,322.27,226.49,122.39,506.17,244.67,332.09,9.99,125.54,581.29,375.63,103.12,38.43,148.24
2025-08-08,14134.022,229.35,198.05,57.84,206.51,222.69,141.97,304.97,46.01,110.38,465.4,78.02,29.669,50.7,93.91,240.51,55.0,155.01,29.474,109.47,156.5,112.43,78.86,101.77,293.99,78.35,79.72,228.05,74.39,649.09,313.05,65.77,202.09,381.61,245.83,148.97,264.69,19.95,288.76,59.58,70.34,29.46,625.65,425.63,189.43,49.06,522.04,24.0,72.41,581.11,182.7,74.46,16.96,119.13,7.84,67.65,215.44,7.88,24.94,71.65,149.61,71.72,1,73.39,42.22,170.6,69.32,6.487,244.98,329.65,217.37,98.67,498.21,250.89,336.78,10.22,126.66,585.74,366.54,103.73,38.78,147.35
2025-08-11,14100.031,227.18,198.64,58.28,206.08,221.3,142.12,303.9,46.16,109.18,464.73,75.79,29.426,49.42,93.53,232.68,55.41,153.45,29.236,111.55,154.96,112.55,77.85,111.67,290.79,78.16,79.455,224.61,74.57,650.76,308.55,64.98,201.63,382.91,245.4,148.97,266.65,20.65,289.56,58.8,70.75,29.24,635.22,426.26,186.44,48.34,521.77,23.73,72.45,580.24,182.06,73.65,16.8,118.37,8.25,67.08,220.75,8.12,24.9,71.41,147.5,71.89,1,73.03,45.9,168.72,68.84,9.2,248.87,339.03,222.67,92.44,498.7,252.37,335.9,10.2,126.64,584.54,374.46,103.93,39.02,149.02
2025-08-12,14260.426,229.65,198.64,58.56,204.62,221.47,144.6,312.83,47.5,109.03,470.39,78.45,30.072,50.58,94.59,231.66,56.6,154.44,30.085,111.44,158.26,113.72,80.17,116.75,292.48,76.93,80.6,230.42,78.47,657.44,308.27,65.75,204.16,390.31,246.78,148.97,268.0,21.81,292.85,61.3,70.71,30.12,639.43,431.56,192.93,50.27,529.24,24.24,71.86,580.8,183.16,74.05,17.09,120.04,8.14,67.97,224.02,7.92,25.1,72.25,149.3,72.32,1,74.54,45.76,169.98,71.43,9.505,252.28,340.84,232.56,95.23,516.02,261.57,336.74,10.4,128.47,590.78,387.77,103.62,38.78,149.77
2025-08-13,14306.963,233.33,201.47,59.82,204.15,224.56,140.95,309.09,47.24,111.63,477.31,82.05,30.859,53.07,95.88,237.03,57.33,155.87,30.946,110.97,165.55,116.64,79.96,122.92,294.43,77.68,81.03,230.5,79.33,634.31,309.21,65.74,203.03,390.46,244.61,148.97,269.43,22.22,290.53,63.71,70.46,31.71,660.49,442.57,200.49,52.93,520.58,24.76,72.3,582.09,181.59,75.33,17.795,122.58,8.72,70.63,234.77,8.43,26.46,72.75,150.09,72.79,1,76.95,46.45,170.37,75.98,12.5,250.84,339.38,236.14,101.71,532.71,271.81,342.55,10.08,129.18,592.84,395.92,100.99,39.17,152.44
2025-08-14,14311.807,232.78,204.68,59.32,203.46,230.98,140.68,311.23,47.71,108.15,479.22,79.45,30.822,52.72,95.65,233.37,58.82,155.16,30.792,110.71,163.9,116.31,79.96,119.6,295.43,78.18,80.13,231.07,77.25,625.27,307.25,65.76,203.82,393.65,242.85,148.97,267.46,23.86,294.16,63.03,69.55,31.56,684.43,437.32,195.19,53.31,522.48,24.36,72.24,583.72,182.02,74.8,17.98,122.73,8.49,69.38,243.47,8.06,25.67,72.64,144.27,72.03,1,76.04,45.54,169.51,74.42,11.8,250.31,335.58,233.16,100.84,526.18,271.49,345.49,9.91,129.73,592.85,390.3,100.85,39.07,153.06
2025-08-15,14273.567,231.59,206.69,59.75,206.12,231.03,139.39,306.34,46.94,109.32,477.2,78.15,31.337,53.45,95.33,242.44,59.73,156.55,30.566,110.95,165.62,115.39,80.95,116.37,309.57,78.26,79.6,227.26,79.11,621.91,307.43,65.44,204.91,395.79,240.71,148.97,266.25,24.56,290.49,62.88,69.92,30.97,701.23,437.56,198.46,53.38,520.17,24.3,75.41,583.96,180.45,73.93,18.24,123.61,8.52,69.23,246.5,7.9,30.06,71.85,141.47,72.65,1,75.8,45.08,168.23,74.06,10.3,254.63,330.56,232.18,105.67,521.0,304.01,344.47,9.92,128.34,591.57,392.79,100.0,39.18,154.11
2025-08-18,14273.223,230.89,206.57,59.67,203.13,231.49,139.39,305.76,47.92,109.03,478.52,78.58,31.318,53.81,94.0,243.97,57.59,155.32,30.612,110.64,165.16,116.55,80.82,123.74,309.32,78.3,79.95,227.72,80.76,625.02,306.95,65.52,204.29,393.62,240.42,148.97,267.6,23.66,291.53,62.21,69.13,30.84,698.05,440.64,203.62,52.95,517.1,24.58,75.72,584.82,182.01,73.04,18.675,122.84,8.45,69.53,241.76,7.89,31.16,71.51,143.11,74.12,1,76.73,46.13,166.25,74.54,11.4,255.18,335.16,232.55,105.05,516.87,308.49,342.74,9.81,128.49,591.36,389.88,100.7,38.66,152.32
2025-08-19,14190.8,230.56,206.19,59.96,206.65,228.01,137.08,294.91,48.08,109.64,485.31,79.4,31.749,54.45,93.76,246.0,54.16,152.0,30.858,114.07,168.11,116.27,80.9,119.83,312.0,78.93,80.11,233.13,78.09,603.13,305.27,64.52,202.49,402.69,237.82,148.97,265.4,25.31,290.66,63.28,70.13,31.26,703.21,441.1,197.66,53.82,509.77,24.43,76.51,586.23,175.64,73.5,18.52,122.17,7.84,69.05,228.18,7.75,31.99,71.45,139.25,74.79,1,74.3,45.05,165.9,76.21,10.6,258.22,329.31,228.36,103.33,516.55,304.24,342.45,9.71,128.5,588.13,390.76,101.29,39.2,155.67
2025-08-20,14156.651,226.01,209.15,60.73,209.5,223.81,135.34,291.17,48.35,109.21,488.68,79.23,31.187,54.01,94.89,246.45,53.07,153.22,31.151,115.25,163.37,117.04,81.67,120.44,310.0,81.39,79.88,227.21,79.61,604.59,308.36,64.6,200.19,410.18,240.32,148.97,267.09,23.54,292.24,61.22,70.7,30.62,705.44,446.0,198.12,55.33,505.72,23.85,76.18,592.54,175.4,73.68,18.67,123.57,7.73,68.08,218.37,7.6,32.06,72.09,137.29,74.76,1,74.18,44.36,166.3,73.92,10.6,259.01,323.9,228.67,101.94,516.69,299.84,343.93,9.72,129.04,586.58,394.36,102.57,39.27,156.76
2025-08-21,14101.785,224.9,209.5,61.12,209.73,221.95,134.01,289.6,48.26,108.97,488.59,79.1,31.478,53.56,94.78,245.83,52.82,155.55,31.181,114.4,161.87,116.21,80.62,116.31,309.6,81.16,79.62,225.28,77.75,606.0,307.29,64.89,200.62,404.26,239.62,148.97,266.48,23.5,291.47,60.58,70.66,30.59,709.82,447.2,198.18,55.47,504.24,23.36,76.08,597.21,174.98,74.02,19.0,124.45,7.69,67.55,218.65,7.57,30.21,72.49,136.68,74.51,1,74.09,45.25,164.93,73.13,11.1,258.16,320.11,227.87,100.97,520.18,303.35,343.69,9.81,128.63,584.27,397.46,97.96,39.22,155.61
2025-08-22,14316.553,227.76,210.6,62.92,211.88,228.84,134.2,294.0,49.48,109.93,489.0,82.94,31.993,56.52,96.78,248.29,54.32,158.18,32.339,115.33,170.68,118.86,82.26,118.15,316.55,81.83,81.13,236.8,80.02,607.07,310.58,65.77,206.72,404.97,243.62,148.97,269.98,24.8,296.24,64.75,70.13,31.84,711.68,446.2,207.59,58.77,507.23,25.05,76.32,592.44,177.99,74.84,19.49,129.94,7.91,69.9,217.31,7.72,34.3,73.32,142.11,74.84,1,79.12,46.37,167.62,77.53,11.5,251.95,340.01,229.03,106.38,529.5,307.42,350.04,10.12,131.16,593.21,395.12,96.83,39.62,156.62
2025-08-25,14255.756,227.16,207.55,64.21,211.12,227.94,133.89,294.23,49.48,109.44,486.18,81.56,31.862,55.4,98.18,247.87,54.13,158.2,32.188,113.64,168.96,117.71,75.96,113.94,314.0,80.86,80.46,233.0,77.64,602.31,309.83,66.78,209.16,402.77,239.73,148.97,270.72,24.55,294.9,63.75,68.93,31.7,695.33,447.72,202.44,57.05,504.26,24.64,75.32,586.74,179.81,74.43,19.88,129.52,7.51,69.48,219.73,7.56,31.99,73.82,140.53,73.84,1,79.08,46.65,163.68,76.47,13.9,251.74,346.6,231.83,104.59,524.37,304.86,348.82,10.17,130.44,590.7,388.94,96.07,39.09,155.19
2025-08-26,14315.602,229.31,208.36,62.82,207.45,228.71,134.4,298.01,50.25,110.27,492.21,81.56,31.553,54.54,97.05,243.74,54.88,157.36,32.331,111.16,168.37,117.65,76.12,115.04,310.03,81.27,81.245,231.1,77.65,625.91,312.08,67.4,207.95,401.96,262.67,148.97,271.74,24.35,298.57,63.16,68.73,31.47,736.03,455.46,202.53,56.6,502.04,24.76,74.84,593.02,181.77,74.42,19.67,129.89,7.57,70.18,219.43,7.71,32.25,73.66,140.85,72.98,1,78.78,45.67,158.37,75.19,14.5,251.2,351.67,230.82,102.44,526.06,300.43,351.18,10.22,131.39,593.06,387.18,96.05,39.03,154.79
2025-08-27,14349.86,230.49,208.06,62.71,203.27,229.12,135.72,300.25,50.38,110.77,495.72,81.95,31.674,55.18,97.9,250.16,53.53,159.24,32.552,112.03,167.5,118.09,76.38,124.9,309.81,80.9,81.23,232.21,78.13,622.39,312.71,67.25,208.21,405.05,248.34,148.97,276.39,24.85,299.28,63.32,68.83,32.08,734.17,454.47,205.57,56.28,506.74,24.88,73.89,586.61,181.6,75.08,19.91,132.62,7.68,69.65,211.1,7.55,33.09,73.71,139.89,73.28,1,79.39,46.94,160.5,75.74,13.7,251.36,349.6,232.03,103.15,533.81,303.88,350.35,10.25,131.57,594.42,389.08,96.08,39.83,155.37
2025-08-28,14395.508,232.56,207.92,62.66,202.56,231.6,136.39,308.65,50.49,108.22,499.86,81.77,31.449,55.04,98.45,254.53,53.05,159.32,32.469,112.17,168.91,117.64,75.08,129.35,310.41,81.23,81.364,231.27,79.29,633.69,315.03,68.93,212.37,407.28,248.46,148.97,275.27,24.93,301.07,63.45,68.36,32.25,731.96,456.18,205.08,55.86,509.64,25.39,72.09,587.9,180.17,75.89,20.18,132.83,7.58,70.06,225.54,7.42,33.25,73.93,141.54,72.73,1,80.78,45.68,159.09,75.3,14.7,250.56,345.98,234.9,106.39,530.63,302.29,349.86,10.25,131.72,596.52,392.05,96.11,39.66,154.79
2025-08-29,14304.679,232.14,210.4,62.64,203.85,229.0,136.23,297.39,50.74,108.72,502.98,81.56,31.824,55.72,98.97,256.25,51.83,160.6,32.172,111.83,169.48,118.38,75.34,125.0,318.65,81.34,80.54,231.07,78.77,612.97,318.07,67.03,213.53,403.96,245.01,148.97,270.79,24.35,301.42,63.55,68.99,32.62,732.58,455.63,202.2,56.35,506.69,24.84,72.05,590.04,174.18,76.38,20.23,133.58,7.6,70.19,225.08,7.29,33.82,73.88,141.28,71.89,1,79.64,45.51,161.94,74.29,13.8,251.99,333.87,233.27,105.61,492.73,309.87,351.78,10.28,131.97,593.08,391.02,96.98,39.51,156.4
2025-09-01,14304.679,232.14,210.4,62.64,203.85,229.0,136.23,297.39,50.74,108.72,502.98,81.56,31.824,55.72,98.97,256.25,51.83,160.6,32.172,111.83,169.48,118.38,75.34,125.0,318.65,81.34,80.54,231.07,78.77,612.97,318.07,67.03,213.53,403.96,245.01,148.97,270.79,24.35,301.42,63.55,68.99,32.62,732.58,455.63,202.2,56.35,506.69,24.84,72.05,590.04,174.18,76.38,20.23,133.58,7.6,70.19,225.08,7.29,33.82,73.88,141.28,71.89,1,79.64,45.51,161.94,74.29,13.8,251.99,333.87,233.27,105.61,492.73,309.87,351.78,10.28,131.97,593.08,391.02,96.98,39.51,156.4
2025-09-02,14208.497,229.72,211.92,62.05,200.49,225.34,135.84,298.24,50.42,110.08,501.14,80.81,31.974,56.37,98.99,252.86,52.66,161.83,31.699,110.7,170.26,118.27,74.3,125.6,322.33,81.77,79.69,224.18,76.925,579.68,325.59,68.47,211.99,406.14,249.56,148.97,269.71,24.21,299.7,62.73,69.06,31.96,735.19,452.5,200.21,55.84,505.12,24.72,72.65,589.32,170.78,74.62,19.97,133.84,7.365,69.25,220.06,7.35,31.53,73.79,139.04,73.26,1,76.23,43.39,151.26,71.72,12.5,255.89,329.36,240.95,104.19,532.52,308.8,350.07,10.17,130.97,588.71,401.0,97.85,38.83,152.88
2025-09-03,14281.228,238.47,211.86,61.72,196.26,225.99,132.63,302.39,50.06,106.75,501.49,80.39,31.749,56.62,94.65,256.45,52.98,158.06,31.607,110.02,172.17,117.38,78.92,130.16,321.59,81.22,79.41,225.34,76.58,577.04,328.14,69.34,231.1,407.61,250.56,148.97,269.33,24.0,299.51,63.74,68.99,31.98,737.83,449.06,198.53,54.19,505.35,25.34,71.63,581.01,170.62,73.87,19.61,130.53,7.6,69.64,223.14,7.22,33.21,72.74,140.22,73.57,1,75.79,43.68,146.49,72.85,11.85,252.66,334.09,238.86,105.24,531.07,307.88,350.87,10.21,130.75,591.72,396.62,99.44,38.64,152.43
2025-09-04,14401.712,239.78,213.0,61.94,195.09,235.68,134.76,306.1,50.62,103.2,506.91,81.02,31.805,57.52,95.77,244.01,52.74,157.69,32.268,109.74,176.69,118.81,80.76,133.72,308.05,80.96,80.42,225.28,76.44,598.81,326.69,69.72,232.66,411.59,253.51,148.97,269.98,24.61,303.82,65.95,68.25,32.3,742.91,456.85,206.09,54.3,507.97,25.59,70.87,579.76,171.66,74.38,19.65,131.58,8.12,68.46,232.11,7.13,34.16,72.31,145.15,73.28,1,75.75,44.26,145.88,74.74,11.5,252.12,338.53,240.65,106.03,529.5,310.38,350.99,10.26,132.16,596.59,396.93,100.93,39.0,153.2
2025-09-05,14358.11,239.69,212.56,62.94,198.32,232.33,131.55,334.89,49.77,102.45,499.77,81.05,31.768,56.5,92.95,250.76,54.86,153.66,32.548,110.25,181.8,117.91,80.51,133.97,313.64,80.94,80.15,227.72,78.83,582.08,331.05,71.19,235.17,420.77,252.34,148.97,271.13,24.49,294.38,67.97,67.96,32.38,727.21,463.9,167.8,55.08,495.0,25.66,70.9,580.8,167.02,72.63,20.47,131.55,8.02,68.26,240.0,7.11,34.42,71.6,146.82,72.8,1,74.94,45.86,148.43,78.42,11.9,252.76,350.84,239.68,108.67,514.86,315.39,343.22,10.4,129.98,594.96,396.12,100.51,39.35,153.32
2025-09-08,14389.125,237.88,209.79,62.3,193.64,235.84,134.44,345.65,49.46,101.69,493.78,81.1,31.852,56.55,91.4,252.27,54.1,154.0,32.515,106.4,184.04,118.84,78.0,138.0,308.16,80.21,80.29,225.0,80.36,600.23,334.82,72.15,234.16,418.1,251.13,148.97,269.94,24.48,292.91,67.82,67.43,32.61,738.64,459.11,168.1,54.63,498.2,24.53,69.77,581.9,168.31,71.36,20.09,130.21,8.1,68.4,229.98,7.31,33.44,71.71,146.22,73.49,1,75.82,45.48,146.1,78.42,11.2,242.9,346.4,248.78,109.08,519.81,320.25,342.3,10.45,130.21,596.5,395.25,102.28,38.37,151.75
2025-09-09,14428.254,234.35,210.42,62.19,194.6,238.24,134.42,336.67,50.29,103.12,492.72,80.44,31.543,55.24,91.86,252.06,53.69,154.85,32.101,104.99,177.88,117.37,78.4,138.83,315.09,79.8,79.65,225.75,79.84,605.7,334.06,72.39,239.94,413.4,250.09,148.97,267.07,24.44,297.85,65.92,67.86,32.31,750.61,457.06,165.69,54.39,498.41,25.37,70.07,571.63,170.76,71.84,20.06,132.29,7.94,67.68,240.2,7.51,30.04,71.92,143.44,73.04,1,75.51,41.47,145.98,76.74,11.4,242.72,346.97,247.86,107.0,513.85,347.92,343.99,10.35,130.69,597.95,396.48,102.29,38.28,149.79
2025-09-10,14471.707,226.79,211.64,61.41,193.76,230.33,133.64,369.57,50.13,102.5,490.08,79.17,31.365,55.02,94.32,242.57,51.81,157.79,31.829,104.3,176.13,115.79,76.0,134.44,306.75,78.28,80.28,225.69,79.48,643.56,335.26,74.93,239.56,394.36,251.24,148.97,271.93,24.77,300.54,65.57,67.82,32.09,754.62,463.87,163.9,54.4,500.37,25.43,71.04,579.87,177.33,73.35,20.1,131.42,7.85,65.64,259.03,7.2,29.42,72.65,142.2,74.18,1,73.75,41.85,142.9,76.97,10.9,240.38,347.79,244.04,104.25,515.47,346.78,338.12,10.5,130.29,599.68,388.55,100.41,37.97,149.42
2025-09-11,14594.642,230.03,220.22,61.42,196.55,229.95,136.4,359.63,50.75,103.84,496.91,81.47,31.29,55.69,94.13,246.28,55.89,158.25,32.619,103.69,181.01,117.08,76.0,138.07,314.89,78.01,81.19,228.81,80.89,634.15,334.76,75.47,240.78,402.85,253.3,148.97,276.07,24.61,305.56,67.38,67.62,32.92,756.28,470.73,165.78,55.47,501.01,26.94,71.32,582.95,177.17,73.3,20.03,132.52,7.65,67.27,260.54,7.33,29.49,72.02,145.03,74.05,1,74.23,42.61,142.98,79.52,10.6,241.39,368.81,246.54,102.56,521.89,353.61,343.49,10.63,132.29,604.57,397.37,102.65,38.24,150.61
2025-09-12,14588.18,234.07,218.34,61.57,195.08,228.15,138.03,359.87,50.58,104.62,493.74,79.0,30.972,54.61,92.43,242.76,56.26,157.11,32.327,101.72,177.87,115.96,76.22,135.22,311.76,77.57,80.47,229.55,79.68,625.55,335.42,77.04,241.38,405.13,250.93,148.97,274.71,24.08,306.91,65.88,67.01,32.3,755.39,471.31,159.865,55.22,509.9,26.65,71.64,575.96,177.82,73.05,19.61,130.78,7.58,66.89,254.29,7.31,28.97,71.34,143.38,73.67,1,72.87,41.97,139.49,77.57,11.2,241.72,395.94,246.26,102.33,514.62,352.51,339.43,10.67,131.66,604.44,394.53,103.49,38.31,148.2
2025-09-15,14660.132,236.7,217.61,60.53,192.5,231.43,138.48,364.09,50.59,101.62,491.54,78.93,30.559,54.11,92.33,242.52,57.84,157.31,32.251,100.46,172.09,115.62,75.58,144.37,306.91,76.05,80.82,225.69,81.0,628.68,338.91,77.98,251.76,403.17,255.66,148.97,273.02,24.77,308.9,65.19,66.21,31.55,748.19,473.25,159.98,52.58,515.36,26.01,71.5,574.54,177.75,72.61,18.83,131.18,8.19,67.11,263.64,7.65,30.59,71.67,147.89,74.35,1,74.63,43.47,135.42,78.56,11.8,239.74,410.04,247.25,104.48,526.08,347.89,339.05,10.83,131.38,607.59,393.21,103.69,37.8,146.25
2025-09-16,14641.773,238.15,216.26,62.35,194.73,234.05,140.05,360.0,50.66,101.83,490.99,77.91,30.25,53.9,94.54,239.31,61.19,159.54,32.276,100.07,171.69,115.23,76.55,143.28,310.0,75.09,80.675,227.7,79.78,617.91,339.59,78.7,251.42,399.75,255.34,148.97,273.19,25.27,309.19,65.36,66.24,31.52,764.71,474.32,162.34,52.65,509.04,25.58,69.83,579.36,174.88,72.58,18.92,133.04,7.94,66.85,266.66,7.45,33.11,72.33,147.21,74.78,1,75.78,43.65,134.68,77.81,12.2,237.62,421.62,247.73,102.11,525.21,339.78,340.03,10.91,130.98,606.79,391.36,103.42,37.3,147.46
2025-09-17,14627.8,238.99,220.81,61.09,197.22,231.62,138.82,346.17,51.4,101.58,492.33,76.97,30.381,53.25,93.82,242.21,59.07,160.09,32.113,99.05,169.98,116.1,76.44,146.11,308.48,75.2,80.25,225.78,80.29,614.79,336.97,76.88,249.85,399.39,250.38,148.97,272.46,24.9,311.75,65.03,67.04,31.11,760.13,473.12,163.48,53.52,510.02,25.38,70.31,577.08,170.29,72.86,18.91,133.14,8.13,68.62,266.47,7.52,34.11,71.41,147.87,75.2,1,75.71,43.35,133.04,78.18,11.9,239.45,425.86,250.52,103.53,528.8,341.61,346.2,10.88,132.29,606.09,387.15,104.27,37.31,146.93
2025-09-18,14698.084,237.88,221.99,60.83,193.03,231.23,143.49,345.35,52.13,101.21,490.5,78.09,29.641,54.395,93.48,244.28,62.94,158.84,32.665,98.2,169.61,114.86,75.78,146.67,315.77,74.55,81.33,226.5,80.99,611.0,335.62,79.62,252.33,401.06,253.44,148.97,274.69,30.57,313.23,65.01,66.46,31.13,762.93,473.62,169.76,52.69,508.45,25.41,70.79,573.75,176.24,73.58,19.21,131.35,7.93,68.52,270.71,7.75,34.71,71.44,152.11,74.4,1,77.37,43.12,133.02,79.37,12.6,238.83,416.85,249.74,108.38,534.81,334.82,338.18,10.84,132.71,608.94,387.11,103.6,37.21,147.1
2025-09-19,14769.933,245.5,222.47,61.65,193.31,231.48,144.75,344.94,52.25,102.14,492.85,77.51,29.595,53.35,91.92,247.09,62.32,156.21,32.665,97.64,168.3,113.76,67.45,139.96,313.71,74.41,81.03,231.75,84.21,624.17,339.18,79.56,255.24,402.3,249.13,148.97,275.13,29.58,314.78,63.94,66.43,30.68,751.99,472.94,169.62,52.01,517.93,25.23,71.08,573.03,176.67,71.55,19.09,129.72,8.27,68.22,264.48,7.69,35.45,70.79,153.3,75.21,1,77.03,43.47,132.92,76.67,12.1,238.17,426.07,250.85,106.5,521.47,336.69,341.61,10.86,132.78,611.78,383.12,102.33,37.02,145.88
2025-09-22,14836.266,256.08,222.59,59.86,193.21,227.63,143.96,338.79,51.92,99.79,493.71,76.26,29.501,53.04,92.01,249.69,62.1,156.05,32.732,95.98,164.23,112.56,69.51,137.32,317.89,73.75,81.5,230.12,85.01,644.37,345.05,79.16,252.88,407.24,252.02,148.97,276.16,28.76,312.44,62.4,66.21,30.32,754.95,480.39,173.41,51.1,514.45,25.39,72.35,576.15,183.61,71.62,19.17,129.57,8.33,67.68,257.56,7.47,38.575,71.05,157.12,73.92,1,77.41,43.29,133.48,75.02,12.0,237.44,434.21,251.64,105.19,518.16,341.3,344.36,10.86,132.58,614.76,383.13,102.82,37.04,144.65
2025-09-23,14754.627,254.43,222.61,60.7,194.28,220.71,144.89,338.94,51.7,98.33,494.1,76.46,29.623,52.67,93.47,244.56,60.76,157.42,32.402,96.33,166.27,112.25,68.2,136.07,323.73,74.57,81.37,233.7,85.27,633.41,346.46,81.0,252.34,409.45,252.53,148.97,276.01,29.34,312.74,62.41,66.71,30.39,746.98,486.67,173.33,50.37,509.23,25.57,72.32,577.08,178.43,72.6,19.74,132.28,8.03,67.31,237.45,7.53,35.93,71.54,149.94,73.31,1,76.54,43.22,131.78,75.27,12.4,239.49,425.85,251.28,103.43,524.6,347.69,338.7,10.95,131.99,611.54,379.72,102.52,37.53,142.61
2025-09-24,14712.719,252.31,219.99,61.48,192.93,220.21,137.16,339.31,51.7,99.28,497.09,75.9,29.613,53.71,95.63,245.89,61.05,159.18,31.708,95.46,167.45,113.43,67.5,128.82,326.38,74.66,80.815,233.75,83.6,628.97,343.32,79.91,247.83,416.62,249.68,148.97,277.51,31.22,313.42,62.38,66.45,30.39,741.85,486.25,179.22,51.37,510.15,25.23,73.83,586.27,176.97,73.67,19.69,136.59,8.25,67.86,235.69,7.53,37.47,72.12,148.83,72.77,1,76.49,43.72,133.39,75.09,12.6,238.4,442.79,244.12,103.24,535.61,351.81,338.68,10.83,131.01,609.5,376.62,102.73,37.8,141.67
2025-09-25,14639.179,256.87,218.54,61.07,193.71,218.15,136.13,336.1,51.85,97.53,494.96,75.51,29.623,50.89,96.81,240.95,60.32,160.72,31.181,93.64,165.0,112.99,68.3,130.7,316.7,75.27,80.28,236.42,83.21,607.52,344.75,79.13,246.57,414.89,250.27,148.97,271.25,33.99,313.45,61.99,65.98,29.98,714.59,484.34,172.01,48.98,507.03,25.0,74.65,585.77,177.69,73.44,19.54,139.08,8.42,66.74,232.75,7.19,37.9,72.89,143.45,72.48,1,73.68,44.46,132.65,73.45,11.9,237.94,423.39,245.11,101.33,539.48,345.56,334.93,10.89,130.68,606.59,381.87,103.05,37.79,141.13
2025-09-26,14725.985,255.46,220.61,60.6,194.27,219.78,137.63,334.53,52.21,99.08,500.03,77.23,29.716,52.64,98.48,243.43,61.67,160.16,31.862,94.15,167.2,113.47,67.1,129.77,318.61,76.25,81.02,237.82,84.32,605.17,346.74,79.35,247.18,419.08,251.98,148.97,278.77,35.5,316.06,63.28,65.67,30.3,724.54,487.44,176.3,49.45,511.46,25.04,75.85,594.52,178.19,73.89,19.8,139.46,8.565,67.3,240.11,7.14,39.45,73.4,140.25,71.7,1,73.67,44.24,132.49,73.85,11.5,237.47,440.4,256.12,102.34,552.0,344.08,337.37,10.7,131.53,610.16,385.735,103.16,38.63,143.5
2025-09-29,14764.922,254.43,223.16,60.31,194.55,222.17,138.44,327.9,52.42,98.89,499.25,76.21,29.501,51.65,95.85,245.1,63.77,156.1,32.222,95.01,169.83,114.78,66.46,131.2,319.69,77.19,81.17,236.58,84.65,602.43,352.46,80.26,244.36,420.92,251.19,148.97,279.53,34.48,315.69,64.14,66.04,30.42,726.51,491.98,179.11,49.08,514.6,24.75,76.21,593.99,181.85,73.1,19.71,137.57,8.67,69.68,241.98,7.3,37.68,72.45,149.0,71.98,1,75.39,44.2,136.47,73.9,18.5,237.96,443.21,259.96,104.29,553.71,345.18,340.16,10.75,132.0,610.13,395.31,103.08,39.12,143.06
2025-09-30,14826.802,254.63,231.54,59.74,192.32,219.57,133.27,329.91,51.59,99.95,502.74,76.05,29.435,52.3,94.59,237.0,64.81,155.29,32.582,95.43,169.47,114.5,67.29,132.48,323.12,77.77,81.94,235.81,84.08,614.9,355.47,82.03,243.55,426.2,254.09,148.97,287.91,33.55,315.43,63.64,66.32,30.54,763.0,499.21,177.93,49.04,517.95,24.63,75.49,609.32,186.58,72.97,19.26,136.02,9.0,67.06,229.99,7.24,37.0,71.53,148.61,71.72,1,72.27,42.98,134.67,74.33,17.3,239.38,444.72,258.36,100.09,546.75,345.3,341.38,10.86,131.24,612.38,391.64,103.06,39.9,146.32
2025-10-01,14877.958,255.45,244.38,59.25,193.32,220.63,129.95,333.39,50.68,102.6,498.2,75.28,28.986,52.67,95.46,235.69,66.16,154.58,32.715,96.54,172.44,112.95,66.08,135.2,332.66,76.31,81.92,239.55,85.18,606.15,356.03,83.12,245.54,426.07,252.43,148.97,286.01,35.94,310.71,64.67,66.78,31.13,825.42,499.0,177.57,48.42,519.71,24.19,78.67,605.42,187.24,72.98,19.1,134.59,8.67,66.66,202.6,7.15,38.62,72.43,149.57,72.68,1,73.4,43.51,138.95,73.62,16.55,233.26,459.46,255.4,102.7,556.04,348.3,347.83,10.98,130.05,614.57,404.21,101.96,38.82,146.95
2025-10-02,14887.325,257.13,236.56,59.11,191.17,222.41,127.23,338.18,50.48,103.11,495.92,75.6,28.48,53.7,93.38,238.88,72.82,153.37,33.874,96.35,171.47,112.14,66.44,135.91,340.24,76.65,82.16,242.32,86.29,606.23,354.79,82.52,246.43,426.69,250.52,148.97,282.22,37.3,307.55,64.73,66.1,31.31,819.85,499.36,178.2,49.33,515.74,24.57,78.18,605.01,188.89,72.47,19.14,134.94,8.68,68.93,200.92,7.39,37.96,71.77,151.3,72.4,1,76.81,44.62,140.51,74.04,16.1,230.14,436.0,256.94,105.42,557.82,353.72,345.95,11.02,130.03,615.25,408.85,101.7,38.57,146.49
2025-10-03,14889.843,258.02,233.91,61.04,190.21,219.51,125.89,338.37,50.64,104.02,498.75,75.17,28.948,53.3,94.16,240.36,67.74,153.55,33.343,96.27,174.95,112.47,67.05,134.61,350.5,77.07,82.37,244.61,85.79,594.99,357.64,83.56,246.45,429.54,252.77,148.97,284.24,36.83,310.03,65.76,66.65,31.36,839.87,504.49,175.59,49.47,517.35,24.32,80.06,609.54,187.62,72.89,19.0,133.01,8.58,69.25,207.2,8.56,36.24,73.21,161.14,72.78,1,76.95,43.11,142.2,75.42,16.2,230.27,429.83,257.68,102.94,556.45,360.2,349.84,11.01,131.0,615.3,403.3,102.07,39.38,146.42
2025-10-06,14945.226,256.69,230.19,62.45,185.57,220.9,126.7,335.49,50.39,103.64,500.02,75.49,29.126,53.45,94.91,245.78,70.19,154.02,33.803,94.38,171.53,112.75,66.36,138.32,349.94,76.56,82.7,247.03,86.38,603.22,364.38,85.34,251.51,433.55,254.88,148.97,288.49,36.59,309.18,64.46,66.1,30.72,845.05,514.24,174.12,48.68,528.57,24.1,82.11,618.52,185.54,72.73,18.49,132.92,8.34,71.29,203.63,8.49,37.09,74.27,164.5,72.68,1,77.78,43.17,138.71,74.35,15.8,224.96,453.25,256.98,109.7,566.91,358.77,349.28,11.29,130.86,617.4,402.9,102.7,40.07,145.36
2025-10-07,14888.373,256.48,232.83,62.89,186.97,221.78,126.05,336.41,50.29,104.04,502.3,73.4,28.667,52.03,95.23,239.74,70.62,154.91,32.992,95.9,161.16,112.53,66.03,140.6,357.49,76.72,82.24,242.33,84.92,606.12,366.26,85.06,247.13,437.57,250.05,148.97,285.38,37.17,307.69,61.17,66.79,29.97,843.63,511.07,173.17,49.13,523.98,23.9,83.21,621.63,185.04,72.45,17.93,132.37,7.31,74.61,205.92,7.87,35.55,74.91,161.28,73.29,1,79.02,43.39,140.14,73.19,17.1,227.68,433.09,260.5,107.55,556.77,363.66,352.42,11.04,130.95,615.2,410.28,103.24,40.63,142.77
2025-10-08,14975.135,258.06,231.24,62.22,185.59,225.22,124.8,345.5,49.84,102.93,499.84,73.03,28.826,53.19,93.75,240.43,76.78,153.74,32.778,95.77,158.66,111.89,67.78,145.07,362.34,75.74,83.06,239.93,86.46,625.45,372.3,87.07,245.46,426.27,252.32,148.97,290.83,37.43,304.03,60.31,66.12,29.7,845.72,514.02,174.82,48.69,524.85,23.68,84.04,637.95,189.11,72.38,16.9,131.3,7.34,76.13,202.29,8.18,35.66,74.12,166.43,72.84,1,81.11,44.54,142.76,72.74,17.2,226.58,438.69,258.07,114.05,565.81,369.92,351.36,11.1,130.41,618.77,421.15,102.9,41.04,143.49
2025-10-09,14934.378,254.04,230.69,61.31,185.32,227.74,123.54,345.02,49.79,99.73,496.74,71.24,28.18,51.39,91.95,245.33,74.92,151.64,32.557,95.41,151.39,110.99,68.08,144.97,358.13,75.19,81.84,237.0,86.19,634.27,365.43,87.19,242.21,418.87,249.85,148.97,286.14,37.8,305.53,57.59,66.37,29.31,855.35,507.76,173.48,47.67,522.4,23.29,83.71,635.01,192.57,71.25,16.88,131.09,7.35,75.75,211.7,7.93,38.61,73.53,163.87,72.72,1,80.85,43.22,142.97,69.72,21.0,226.21,435.54,256.69,113.96,561.15,367.69,347.04,11.03,129.87,617.1,414.86,101.77,40.47,143.39
2025-10-10,14531.412,245.27,230.5,60.84,186.68,216.37,118.22,324.63,48.65,97.14,489.13,69.18,27.599,48.96,87.64,241.68,73.07,148.9,30.825,95.68,151.58,109.19,65.12,129.69,353.24,73.94,80.0,224.63,83.04,604.56,369.12,82.98,237.49,415.14,242.27,148.97,282.99,36.37,300.89,57.7,67.04,28.68,833.49,505.05,167.51,44.91,510.96,22.45,83.35,623.49,183.16,69.09,16.24,126.76,6.96,69.84,198.55,7.46,35.06,71.42,151.02,72.61,1,74.67,40.77,141.33,64.43,17.2,228.79,413.49,251.97,107.12,549.28,354.5,343.65,10.75,126.88,600.51,407.79,101.84,40.71,141.11
2025-10-13,14758.072,247.66,230.3,61.64,183.2,220.07,122.44,356.7,48.86,96.29,491.93,69.58,27.552,50.72,88.78,248.75,68.29,151.94,31.766,95.65,152.59,110.27,65.2,132.69,351.42,72.95,81.06,229.65,84.2,648.25,378.09,85.5,244.64,410.68,245.01,148.97,287.9,37.22,307.97,58.03,66.8,29.15,819.4,503.83,169.85,46.27,514.05,23.04,84.3,618.88,188.32,69.57,16.74,129.79,7.37,68.86,203.68,7.84,36.46,72.09,153.66,72.87,1,75.02,43.35,141.44,64.49,16.9,225.06,435.9,256.68,110.53,542.93,358.66,343.3,11.01,128.19,609.61,407.37,102.12,39.78,142.26
2025-10-14,14735.21,247.77,229.13,61.85,186.51,216.39,127.64,344.13,50.09,97.8,495.97,68.09,28.096,51.41,88.17,239.77,69.38,152.39,32.448,94.81,156.74,111.17,66.21,132.49,350.48,73.36,81.98,234.67,83.08,644.41,380.79,84.61,246.19,418.4,246.54,148.97,291.94,35.63,302.08,61.27,67.51,29.83,812.35,505.18,169.13,46.66,513.57,23.75,84.64,626.93,180.03,69.58,17.17,130.84,7.71,69.15,196.35,8.02,37.73,71.65,152.88,72.43,1,76.18,44.64,141.24,67.02,16.0,229.42,429.24,257.72,108.1,541.01,359.93,348.38,10.97,129.9,608.75,412.22,107.21,39.95,143.46
2025-10-15,14795.659,249.34,226.22,63.38,190.03,215.57,127.7,351.33,52.28,96.35,496.39,68.45,27.843,50.99,87.74,236.58,71.82,152.11,32.845,95.22,155.24,111.71,65.41,134.08,349.49,72.93,81.79,235.8,83.58,615.95,387.39,86.62,251.71,420.25,241.26,148.97,284.96,37.15,305.69,61.62,67.08,29.745,826.57,499.41,167.1,46.76,513.43,23.58,85.79,608.93,179.83,68.92,17.15,129.57,7.62,67.98,200.76,8.0,40.53,71.88,156.21,73.85,1,76.13,45.92,138.89,67.72,16.8,226.65,435.15,261.5,107.86,538.49,361.15,345.69,11.17,129.6,611.43,407.9,109.03,40.67,142.12
2025-10-16,14702.575,247.45,226.87,62.9,191.47,214.47,120.84,354.15,50.44,97.28,488.81,69.12,27.412,50.84,86.91,246.0,68.43,151.71,32.678,98.67,152.92,109.88,66.33,135.85,348.18,72.65,81.11,236.91,83.14,602.0,396.45,86.72,251.88,419.6,239.54,148.97,282.66,36.84,298.54,61.32,67.59,29.82,819.38,493.25,164.62,45.86,511.61,22.85,85.05,598.98,181.81,67.22,16.92,128.36,7.52,66.05,198.97,7.5,40.11,71.37,156.57,73.98,1,74.54,44.44,139.32,67.91,15.4,226.45,428.75,259.23,106.23,537.29,356.67,335.4,11.11,125.75,607.39,408.61,106.47,41.34,143.26
2025-10-17,14780.357,252.29,229.57,63.33,191.29,213.04,121.38,349.33,51.28,98.04,492.42,69.65,27.674,52.23,86.48,243.08,69.15,153.08,33.28,97.63,153.69,110.67,66.6,136.92,348.77,74.64,81.09,237.8,83.44,600.0,388.99,84.49,253.79,426.16,239.35,148.97,280.02,37.01,297.56,61.91,68.44,30.04,802.83,495.15,167.41,46.19,513.58,22.94,84.53,594.5,183.22,68.09,16.26,129.27,7.5,67.41,194.95,7.11,37.02,72.59,157.76,74.34,1,75.2,43.68,140.41,67.85,15.6,229.33,439.31,261.35,106.65,533.51,356.6,341.89,11.1,126.82,610.76,416.81,107.73,41.25,144.06
2025-10-20,14938.288,262.24,232.06,63.19,193.08,216.48,125.19,349.24,52.04,100.95,494.08,70.61,27.702,52.53,87.06,254.28,73.97,154.48,33.857,97.97,153.76,111.96,68.43,127.42,354.07,75.29,82.1,239.81,84.86,594.07,403.15,85.28,257.02,433.15,245.15,148.97,285.77,38.1,302.36,61.89,68.44,30.11,808.96,505.9,172.43,45.62,516.79,23.25,84.77,602.0,182.64,68.53,17.02,130.34,7.47,69.2,202.48,7.33,40.0,72.82,164.71,74.76,1,76.5,44.19,141.23,69.09,15.7,230.09,447.43,262.29,109.02,523.72,364.48,344.41,11.4,128.45,617.17,419.1,107.05,41.93,145.06
2025-10-21,14938.828,262.77,231.39,61.72,192.37,222.03,125.98,342.66,51.52,100.65,491.29,71.05,28.077,54.2,86.41,263.41,72.32,153.79,33.933,97.95,158.63,114.3,69.75,127.13,349.75,76.02,82.75,242.84,84.78,585.33,377.24,86.05,251.34,432.01,246.33,148.97,287.53,38.12,297.09,63.45,71.22,30.58,799.57,489.5,181.39,45.21,517.66,23.92,83.99,599.35,181.16,68.95,17.46,128.6,7.86,70.05,205.71,7.3,38.77,72.67,162.64,74.28,1,77.73,42.39,141.57,70.86,14.8,229.08,442.6,260.28,111.11,525.92,365.37,347.21,11.27,128.44,617.09,426.27,106.22,41.69,146.09
2025-10-22,14859.332,258.45,228.68,61.91,191.19,217.95,126.53,340.3,51.1,98.74,491.81,71.04,27.543,53.26,87.41,256.64,66.52,155.57,33.339,97.82,158.21,113.08,70.7,123.66,345.21,76.84,81.42,239.41,84.66,576.0,377.28,84.14,252.53,441.19,243.49,148.97,283.64,36.92,294.11,62.56,70.81,30.35,812.43,487.14,178.29,45.2,520.54,23.63,82.84,596.48,180.28,69.59,17.57,131.4,7.78,68.07,197.05,6.94,37.5,74.54,162.01,75.73,1,75.92,42.39,140.2,69.23,14.5,227.4,438.97,255.56,109.41,519.33,361.49,345.36,11.52,127.73,613.97,426.44,107.14,41.69,147.11
2025-10-23,14946.132,259.58,228.25,62.51,190.3,221.09,123.05,344.29,51.76,100.29,490.16,71.1,27.449,54.57,90.08,255.05,67.21,156.56,34.0,96.87,158.55,113.03,71.06,125.02,346.28,76.53,82.75,238.17,84.93,595.15,378.79,85.84,253.73,440.16,247.66,148.97,290.09,38.16,294.54,63.02,69.94,30.62,821.04,488.05,179.06,46.81,520.56,23.48,83.25,605.74,182.16,69.76,18.01,135.81,7.5,69.66,200.82,7.1,37.82,75.72,167.03,74.5,1,78.56,44.52,139.72,70.4,14.8,219.99,448.98,254.53,110.82,524.48,360.45,345.96,11.46,127.98,617.44,422.63,106.86,41.3,146.39
2025-10-24,15064.915,262.82,227.99,63.33,191.52,224.21,125.0,354.13,52.57,91.4,492.1,71.34,27.43,53.62,88.03,254.83,67.61,155.56,33.882,96.23,157.95,111.68,70.33,122.81,342.35,76.1,83.08,241.15,85.56,584.39,377.52,87.41,260.51,447.04,247.56,148.97,299.91,38.28,300.44,63.03,69.71,30.79,825.45,485.41,178.17,47.59,523.61,23.47,84.41,605.58,186.26,68.61,17.72,134.98,7.82,69.77,214.2,7.14,39.7,75.84,172.95,74.46,1,79.54,45.55,139.62,70.21,14.9,217.77,433.72,255.12,112.56,517.66,362.5,347.38,11.41,129.41,622.55,421.39,106.17,41.21,145.94
2025-10-27,15250.144,268.81,228.03,61.94,189.73,226.97,126.37,362.05,53.02,86.53,488.07,71.07,27.562,54.89,88.69,255.47,65.72,155.28,34.037,95.24,158.86,112.34,70.63,126.18,342.49,80.82,83.46,247.34,85.29,584.39,367.01,89.37,269.93,467.86,246.65,148.97,301.69,39.54,304.15,63.11,70.06,31.48,826.41,486.91,181.39,49.09,531.52,23.51,86.03,595.95,191.49,69.29,18.04,135.42,7.72,70.25,219.24,7.16,39.74,75.51,175.06,74.7,1,80.15,44.36,137.96,72.08,14.7,220.68,452.42,254.27,114.49,522.82,365.98,347.82,11.46,129.91,630.0,420.17,104.47,40.63,147.53
2025-10-28,15285.105,269.0,227.54,61.37,182.72,229.25,124.47,372.97,52.87,85.56,481.44,71.0,27.43,53.77,86.79,254.26,64.17,154.13,34.255,94.05,153.75,111.65,69.23,131.7,339.4,82.19,82.905,249.55,85.87,570.98,364.38,86.43,268.43,466.46,243.68,148.97,299.14,41.53,305.36,63.82,70.16,30.96,820.1,485.77,179.98,47.61,542.07,22.35,83.57,595.05,201.03,69.1,17.35,133.66,7.54,73.02,212.97,7.05,37.84,75.07,178.96,74.53,1,80.18,44.71,134.19,71.88,13.8,219.99,460.55,251.57,113.48,518.79,367.84,346.9,11.62,129.12,631.69,422.39,103.17,40.55,145.41
2025-10-29,15284.535,269.7,225.14,60.52,179.08,230.3,124.88,385.98,52.58,82.83,475.76,69.08,26.728,51.97,88.08,251.46,62.56,155.1,34.363,91.71,148.29,110.24,68.18,126.99,336.36,82.69,83.12,249.64,84.22,577.97,363.0,90.29,275.17,468.4,242.84,148.97,298.42,41.34,305.51,62.71,68.35,30.04,813.53,485.33,170.3,46.71,541.55,22.22,81.76,584.99,207.04,67.2,16.61,138.0,7.47,69.68,210.77,6.81,36.3,75.55,179.01,74.36,1,76.51,46.07,130.98,69.96,13.6,215.01,461.51,251.73,111.61,506.07,355.26,341.28,11.83,126.87,631.95,417.21,102.46,39.17,143.94
2025-10-30,15133.233,271.4,228.2,60.69,179.45,222.86,123.45,376.47,53.03,82.82,478.52,67.56,25.594,51.5,88.14,256.65,61.1,153.52,34.075,91.0,149.29,111.84,68.2,123.11,321.95,83.48,82.73,248.93,84.2,574.07,370.13,90.28,281.9,466.8,241.66,148.97,319.07,40.16,309.44,62.38,68.98,31.16,844.5,489.72,168.02,45.2,525.76,22.22,81.64,578.6,202.89,66.72,16.59,137.07,7.24,67.93,194.42,6.72,34.34,74.73,173.61,74.15,1,73.92,48.23,128.88,68.58,12.9,210.65,440.1,252.78,112.86,509.66,344.75,345.03,11.89,127.1,625.24,419.89,102.23,38.79,144.1
2025-10-31,15173.95,270.37,218.04,60.53,178.98,244.22,124.31,369.63,53.45,87.16,477.54,67.48,26.077,49.63,88.86,260.41,63.99,157.72,34.15,92.09,149.08,112.62,58.22,122.14,317.2,82.45,83.12,253.82,86.43,585.14,368.12,89.08,281.82,459.68,247.73,148.97,322.02,39.99,311.12,62.42,68.9,31.96,862.86,491.88,170.54,46.42,517.81,22.42,81.4,583.45,202.49,67.0,16.46,136.14,7.26,69.27,208.95,6.86,35.09,74.92,173.86,73.7,1,75.94,48.99,131.38,67.72,13.4,210.05,456.56,256.37,134.88,519.88,341.56,340.74,12.09,127.52,627.04,425.57,101.18,39.03,144.09
2025-11-03,15201.0,269.05,211.96,60.09,176.64,254.0,123.95,362.55,53.56,85.5,475.68,65.9,25.276,50.38,88.57,261.34,61.97,154.04,34.69,93.46,145.06,112.12,60.43,120.94,313.19,83.07,82.7,252.99,87.52,581.26,368.78,87.5,284.12,461.56,245.93,148.97,317.54,39.5,309.35,61.05,67.97,30.425,896.53,487.94,165.47,46.27,517.03,22.18,81.78,575.41,206.88,65.36,16.62,137.92,7.27,68.34,204.98,6.22,32.87,74.39,172.94,74.31,1,74.3,48.59,130.82,66.36,13.1,203.32,468.37,255.65,136.1,517.43,333.79,336.9,12.2,127.11,628.27,426.0,101.59,38.08,144.35
2025-11-04,15022.753,270.04,215.89,60.12,180.35,249.32,130.51,351.94,53.54,85.46,487.66,61.24,25.707,50.15,87.91,254.44,56.41,153.39,37.76,93.06,145.59,111.47,61.18,118.29,316.62,84.15,81.666,251.88,85.22,547.96,362.32,85.21,278.06,471.68,246.12,148.97,315.9,37.03,309.25,60.9,68.66,30.4,906.86,484.98,160.66,44.44,514.33,18.79,81.69,577.14,198.69,64.31,16.18,135.75,7.07,66.08,187.77,6.06,31.82,73.74,160.94,73.69,1,72.58,46.1,129.18,66.63,12.4,206.29,444.26,252.43,129.97,516.66,330.83,340.3,11.94,127.64,620.99,421.67,102.27,38.4,124.46
2025-11-05,15077.711,270.14,216.77,56.29,179.43,250.2,133.75,358.98,52.45,86.61,488.77,60.47,26.175,52.35,87.7,252.68,56.99,152.66,39.63,93.9,145.27,111.36,59.28,117.83,318.08,82.84,82.06,256.1,85.99,559.7,366.51,87.1,284.75,473.2,248.17,148.97,306.68,38.38,311.68,60.48,68.51,30.84,925.81,473.14,167.59,43.97,507.16,18.61,82.14,570.5,195.21,66.27,16.35,135.93,7.13,68.06,196.27,6.18,41.02,74.61,162.92,74.13,1,73.65,47.59,130.62,69.62,12.8,204.74,462.07,254.76,131.41,521.82,327.74,340.04,12.31,128.16,622.86,417.0,101.47,39.68,120.49
2025-11-06,14909.277,269.77,219.04,56.72,178.09,243.04,128.98,355.59,53.29,85.57,493.15,59.33,25.585,50.76,85.66,239.27,56.61,152.94,39.15,87.26,145.22,110.49,58.02,76.54,314.44,82.44,81.37,258.86,80.54,550.17,366.07,87.86,285.34,471.36,248.12,148.97,305.43,37.24,313.42,60.66,69.06,30.02,937.44,468.92,163.55,42.38,497.1,18.24,82.0,571.96,188.08,67.81,14.65,138.2,6.71,66.26,183.64,5.89,38.88,74.22,156.05,72.66,1,70.93,46.27,127.95,67.47,12.1,201.01,445.91,252.4,127.48,509.85,321.56,336.96,12.23,127.58,616.24,416.25,101.68,39.51,119.56
2025-11-07,14929.627,268.47,219.16,56.98,177.95,244.41,132.37,349.43,53.2,87.45,499.06,61.48,25.622,51.67,86.83,239.88,55.12,155.02,39.8,90.8,144.77,110.74,55.0,73.74,317.78,83.39,81.78,262.09,81.79,575.13,368.31,85.48,279.7,476.61,251.57,148.97,309.56,38.13,314.21,60.84,70.55,30.37,924.37,458.35,166.13,43.02,496.82,19.07,83.93,568.61,188.15,68.12,14.54,137.95,7.66,66.22,194.58,5.89,40.0,75.59,152.41,72.78,1,65.45,48.83,127.65,68.27,12.4,207.0,429.52,232.0,127.68,517.79,324.21,336.02,12.15,128.58,616.89,409.47,102.59,39.65,120.24
2025-11-10,15161.469,269.43,218.71,56.0,179.72,248.4,130.92,358.39,53.42,87.3,496.98,61.09,25.407,51.06,88.23,241.71,54.58,155.65,40.24,95.05,144.57,112.24,54.84,79.85,303.78,84.08,82.34,253.89,82.28,579.8,378.38,88.56,290.59,459.3,258.18,148.97,318.66,38.45,316.89,60.96,70.52,30.96,966.64,452.1,170.35,42.77,506.0,19.04,84.77,562.98,199.05,67.9,15.6,138.65,7.44,66.25,204.19,6.56,45.38,76.56,158.88,73.17,1,66.8,51.88,128.47,67.94,13.1,205.87,445.23,234.06,130.61,516.56,321.58,334.85,12.3,129.04,626.47,421.2,102.42,39.26,119.79
2025-11-11,15192.944,275.25,225.17,57.63,184.79,249.1,132.88,351.96,53.63,87.07,497.07,61.41,25.716,52.52,90.69,244.5,55.21,156.24,40.4,97.33,146.99,114.85,58.13,77.97,315.25,85.16,82.23,267.72,83.66,576.08,379.87,87.93,291.74,462.31,256.74,148.97,324.19,37.88,315.62,61.54,71.61,31.04,988.62,457.07,169.81,43.82,508.68,18.82,85.76,566.74,193.16,69.09,15.485,140.85,7.47,67.4,208.21,6.14,44.7,77.01,158.94,74.07,1,65.91,51.7,131.81,67.62,12.9,211.98,439.62,240.7,130.64,522.83,327.45,338.92,12.34,129.62,627.91,429.22,103.44,39.46,120.12
2025-11-12,15203.127,273.47,233.23,57.75,183.35,244.2,133.58,355.22,54.11,84.85,502.4,61.48,26.128,53.06,89.07,246.02,52.19,153.32,40.79,96.99,146.03,116.65,59.61,77.74,327.63,85.58,82.26,268.67,82.14,575.4,385.99,89.01,287.43,473.61,253.81,148.97,317.89,37.89,320.41,61.32,71.51,31.06,1017.78,457.04,170.9,43.31,511.14,18.94,85.89,558.57,193.8,68.9,15.28,138.02,7.46,67.2,202.82,6.08,42.51,76.41,156.59,73.73,1,65.77,52.79,130.38,68.24,12.3,212.68,430.6,240.34,128.43,535.4,339.06,338.88,12.48,130.75,628.22,434.19,103.44,39.08,121.25
2025-11-13,14951.871,272.95,232.29,58.83,181.13,237.58,128.71,339.98,52.87,84.21,513.11,62.22,26.203,54.45,89.42,240.43,51.11,155.58,40.6,96.05,143.4,107.61,59.72,74.39,328.28,86.11,80.65,267.34,81.03,558.17,382.87,82.36,279.12,473.28,247.96,148.97,312.67,35.91,309.48,60.31,71.07,31.35,1022.87,455.85,169.66,45.52,503.29,18.56,83.99,558.0,186.86,69.44,14.8,139.5,7.31,65.33,189.42,5.67,36.42,75.92,146.34,73.11,1,62.3,53.2,129.69,67.4,11.3,214.57,401.99,237.55,123.99,533.87,332.52,336.08,12.38,128.84,617.99,434.52,102.54,39.95,121.16
2025-11-14,14947.519,272.41,232.36,58.61,183.59,234.69,130.6,342.46,52.61,82.91,508.94,61.6,25.772,53.69,91.37,243.66,52.53,157.62,39.71,94.6,142.43,105.8,58.06,73.51,325.83,86.3,80.74,267.56,82.31,578.31,375.96,82.06,276.98,472.65,245.02,148.97,313.97,35.52,303.61,60.16,71.16,30.55,1025.28,465.77,170.68,45.3,510.18,18.29,83.88,558.0,190.17,70.49,14.6,142.32,7.48,62.81,193.31,5.64,36.18,75.76,146.04,73.43,1,60.48,54.55,129.16,65.65,10.8,216.08,404.35,235.03,125.36,529.34,321.86,330.02,12.3,127.71,617.83,437.15,102.48,39.67,120.82
2025-11-17,14812.024,267.46,234.0,58.74,180.47,232.87,124.34,342.65,51.48,81.66,503.26,59.45,25.501,51.45,88.72,237.03,55.32,154.82,38.65,92.99,137.76,105.69,58.49,72.79,330.91,84.74,79.82,264.73,81.94,577.02,371.65,81.06,285.6,477.1,242.37,148.97,309.74,34.71,300.37,58.55,70.68,29.89,1021.7,470.78,164.16,43.56,507.49,17.53,85.75,563.03,186.6,68.86,13.65,136.65,7.14,61.89,187.55,5.25,34.27,75.4,139.93,73.86,1,58.89,59.47,130.96,63.67,10.3,215.84,408.92,233.58,120.22,509.57,320.52,325.75,12.17,125.06,612.04,434.02,102.95,39.94,118.8
2025-11-18,14690.806,267.44,233.87,61.03,181.55,222.55,124.32,340.5,51.64,80.96,504.37,60.25,25.632,51.17,89.68,233.5,53.47,153.62,38.7,91.21,138.45,106.28,60.17,73.06,324.53,84.04,79.44,263.08,80.15,554.93,374.35,80.12,284.96,478.14,241.72,148.97,309.16,34.33,299.41,58.37,71.22,29.97,1030.05,474.72,163.97,43.74,493.79,17.84,84.64,566.76,181.36,69.43,13.76,138.41,7.11,60.7,185.69,5.57,34.8,75.31,140.45,73.28,1,57.64,59.4,130.53,62.83,10.3,213.08,401.25,239.09,120.68,507.37,313.58,321.18,12.17,124.97,607.0,435.52,101.39,39.15,118.14
2025-11-19,14746.435,268.56,232.91,58.23,180.5,222.69,127.2,354.42,52.02,80.43,501.26,59.76,25.173,50.16,87.98,227.88,50.73,151.7,37.88,88.67,137.53,104.67,59.73,71.24,316.37,86.02,79.85,262.57,79.73,595.37,374.96,81.69,292.99,481.06,240.79,148.97,309.74,35.11,303.27,58.06,71.11,29.6,1049.6,469.91,166.06,42.76,487.12,17.78,84.27,565.0,186.52,69.45,13.96,134.49,6.88,60.11,187.78,5.44,33.46,73.67,146.0,73.38,1,62.0,63.1,129.27,62.12,9.62,211.27,403.99,240.46,120.15,497.41,309.09,324.12,12.12,125.47,609.2,421.03,100.61,38.29,117.08
2025-11-20,14518.952,266.25,229.45,57.87,179.12,217.14,126.76,346.82,51.0,79.9,501.12,58.71,24.948,49.87,87.47,225.37,49.29,150.31,37.12,88.73,137.32,102.7,58.42,68.42,313.99,84.09,78.27,263.1,78.04,558.03,374.85,78.03,289.98,476.28,237.44,148.97,301.83,33.62,298.38,57.87,71.21,28.76,1043.29,468.26,164.69,42.55,478.43,17.5,84.3,567.35,180.64,69.72,13.76,131.99,6.39,58.105,181.88,5.32,33.09,73.21,144.56,72.8,1,61.95,60.52,130.45,62.44,8.991,210.51,395.23,235.37,118.88,496.44,311.54,323.77,11.92,124.33,599.96,422.32,107.11,38.67,115.89
2025-11-21,14662.68,271.49,236.28,58.63,179.56,220.69,130.02,340.2,51.56,80.78,504.04,61.71,25.622,53.35,87.37,227.11,50.23,149.98,38.54,92.0,146.71,104.28,60.23,70.05,321.73,85.13,79.37,269.43,78.855,555.84,374.27,79.46,299.65,491.0,237.58,148.97,305.49,34.5,298.02,61.66,72.95,29.56,1059.7,460.78,168.18,44.8,472.12,18.2,83.48,566.7,178.88,70.53,13.8,133.72,6.45,60.57,183.48,5.69,34.45,73.27,147.8,71.59,1,61.95,59.54,133.66,66.15,9.059,209.48,391.09,235.47,120.57,515.58,319.97,327.98,12.09,125.95,605.93,426.76,105.32,40.12,122.06
2025-11-24,14889.673,275.92,229.51,58.65,179.57,226.28,130.1,377.96,51.93,80.76,507.81,61.81,24.789,52.31,87.56,226.82,51.25,149.75,38.47,90.78,146.08,101.94,62.21,71.25,329.6,84.71,79.87,266.98,79.77,580.49,380.2,82.6,318.47,501.04,239.67,148.97,309.92,35.79,298.0,61.14,72.59,29.15,1070.16,451.06,169.67,45.36,474.0,17.75,84.23,565.56,182.55,70.23,13.71,133.2,6.6,60.56,195.0,6.51,34.45,73.23,155.31,71.99,1,61.86,58.51,132.11,67.19,9.65,207.34,417.78,239.07,124.39,514.59,319.05,329.3,12.09,126.47,614.94,424.0,104.06,39.93,122.87
2025-11-25,15025.537,276.97,231.8,59.7,179.76,229.67,130.62,385.03,52.48,83.65,508.57,64.1,24.995,54.22,86.62,234.12,53.57,148.53,38.78,91.17,154.53,103.31,61.69,72.11,336.27,86.82,81.01,273.87,80.87,572.56,380.08,82.95,323.64,515.85,245.98,148.97,314.73,35.83,303.0,63.77,72.61,29.75,1109.94,452.41,177.51,47.01,476.99,18.35,84.83,569.42,177.82,70.88,14.57,134.13,6.74,61.22,218.48,6.77,34.99,72.8,157.37,72.09,1,63.69,61.78,132.18,70.73,9.832,206.9,419.4,241.84,128.54,521.02,326.28,334.53,12.19,128.3,620.66,429.82,107.0,39.52,127.89
2025-11-26,15129.57,277.55,227.66,60.55,181.24,229.16,130.27,397.57,52.99,83.25,511.23,63.8,24.892,54.02,87.09,228.15,53.3,149.51,39.44,90.64,156.76,103.43,62.53,75.23,338.52,86.75,81.56,275.83,80.55,589.72,383.12,83.6,320.28,514.76,245.58,148.97,314.31,36.81,307.64,64.78,72.88,29.58,1104.34,454.16,181.94,48.42,485.5,18.33,85.54,567.11,180.26,71.51,14.73,134.96,6.72,61.83,207.56,6.76,35.47,73.41,159.34,72.95,1,65.03,63.2,134.89,71.83,10.3,206.73,426.58,243.63,127.01,535.16,329.71,333.79,12.51,129.22,624.95,432.17,109.1,39.26,127.69
2025-11-27,15129.57,277.55,227.66,60.55,181.24,229.16,130.27,397.57,52.99,83.25,511.23,63.8,24.892,54.02,87.09,228.15,53.3,149.51,39.44,90.64,156.76,103.43,62.53,75.23,338.52,86.75,81.56,275.83,80.55,589.72,383.12,83.6,320.28,514.76,245.58,148.97,314.31,36.81,307.64,64.78,72.88,29.58,1104.34,454.16,181.94,48.42,485.5,18.33,85.54,567.11,180.26,71.51,14.73,134.96,6.72,61.83,207.56,6.76,35.47,73.41,159.34,72.95,1,65.03,63.2,134.89,71.83,10.3,206.73,426.58,243.63,127.01,535.16,329.71,333.79,12.51,129.22,624.95,432.17,109.1,39.26,127.69
2025-11-28,15211.142,278.85,227.7,60.74,181.27,233.22,131.85,402.96,53.65,83.46,513.81,62.57,25.004,53.71,88.69,230.54,53.47,151.13,39.77,91.61,159.01,104.47,63.47,76.17,338.26,86.67,81.98,275.68,81.13,599.77,387.88,84.2,320.12,508.29,246.97,148.97,313.62,40.56,313.08,64.33,73.12,29.69,1075.47,457.86,184.18,48.99,492.01,18.46,86.29,572.25,177.0,72.82,14.84,136.96,6.79,62.69,216.47,6.77,36.53,73.77,158.64,72.76,1,66.8,64.32,136.38,71.52,8.13,209.01,430.17,246.07,129.69,538.83,329.77,334.44,12.61,130.0,628.41,433.61,110.51,39.59,128.18
2025-12-01,15132.0,283.1,225.11,60.52,176.27,233.88,131.39,386.08,53.24,82.44,508.55,63.32,24.901,55.33,90.26,232.83,52.17,152.54,39.91,92.35,157.37,106.77,63.52,76.66,329.68,85.27,80.82,273.34,81.82,576.9,389.75,82.9,315.12,503.0,242.83,148.97,306.65,40.01,308.92,64.14,71.95,29.47,1057.89,439.19,182.41,47.92,486.74,18.57,84.65,545.51,179.92,73.68,14.84,139.76,6.66,62.58,223.4,6.73,32.92,74.31,149.28,72.19,1,64.35,63.93,137.87,70.56,7.824,206.63,430.14,249.34,127.56,547.64,323.21,330.39,12.69,129.15,625.52,425.6,111.53,39.37,127.25
2025-12-02,15169.63,286.19,224.37,60.31,175.81,234.42,132.08,381.57,53.19,81.64,506.65,63.95,25.313,54.64,89.29,234.71,51.58,150.25,39.52,91.76,158.46,104.83,64.45,74.2,330.92,84.71,81.42,270.37,82.94,601.58,387.24,83.71,316.02,500.31,241.08,148.97,307.2,43.47,307.88,64.26,70.67,29.18,1046.12,441.82,182.4,47.78,490.0,18.43,84.58,546.97,181.46,73.1,14.69,137.57,6.45,62.9,222.76,7.1,32.66,73.96,156.83,71.455,1,60.11,64.37,137.86,71.24,7.71,210.13,429.24,246.83,129.77,548.05,324.54,329.62,12.89,128.95,626.58,433.15,112.41,38.85,124.44
2025-12-03,15215.339,284.15,230.24,59.8,176.18,232.38,134.5,380.61,54.09,82.49,503.6,64.54,25.697,55.18,91.81,238.72,55.99,151.59,39.66,92.06,165.0,105.74,64.85,80.37,330.75,83.98,82.2,270.45,82.76,601.97,386.88,83.55,320.62,486.77,242.59,148.97,309.23,43.76,312.13,65.82,70.81,29.34,1033.56,446.8,182.3,46.03,477.73,18.83,84.95,553.32,179.59,74.89,14.57,139.85,6.67,61.24,220.84,7.62,31.61,75.12,160.0,70.6,1,61.11,63.06,138.08,72.53,7.06,208.51,446.74,244.95,128.12,544.52,339.71,329.61,13.3,130.76,628.77,463.13,114.41,38.86,122.57
2025-12-04,15232.814,280.7,228.71,59.36,178.83,229.11,136.75,381.03,54.16,87.65,503.23,64.1,25.482,54.51,93.12,247.46,58.18,152.26,39.82,89.49,160.73,105.47,65.25,81.62,333.49,85.78,82.86,274.05,85.18,629.11,387.13,85.45,318.39,487.66,246.94,148.97,315.88,40.5,316.1,64.19,70.45,28.87,1014.49,448.35,183.6,43.16,480.84,18.8,83.39,553.0,183.38,76.17,14.29,139.42,6.56,61.73,222.75,7.72,31.94,74.5,162.31,70.83,1,62.19,60.67,138.03,72.21,7.22,208.01,454.53,247.51,125.22,533.95,333.49,327.1,13.56,131.07,629.3,457.36,114.84,37.9,120.41
2025-12-05,15264.636,278.78,226.08,59.01,178.86,229.53,138.13,390.24,53.95,88.01,504.34,65.33,25.585,55.11,93.69,260.57,56.88,150.0,40.51,88.46,158.62,105.3,65.49,81.4,330.75,86.19,82.54,274.29,86.92,631.32,386.44,85.97,322.09,486.7,244.28,148.97,304.58,41.41,315.04,63.33,70.0,29.45,1010.31,452.2,190.01,43.35,483.16,18.92,83.13,548.97,182.41,76.34,13.82,139.36,6.42,62.28,234.11,7.12,29.52,73.01,161.08,70.56,1,61.11,61.26,142.37,72.47,7.35,209.63,455.0,247.88,127.32,601.5,330.91,331.24,12.9,131.02,630.48,455.48,115.11,38.0,118.65
2025-12-08,15212.841,277.89,223.12,57.94,183.2,226.89,137.38,401.1,53.9,91.34,497.23,64.54,24.967,54.08,92.88,259.53,57.36,148.71,40.58,87.94,152.43,107.63,65.62,77.28,330.61,84.32,82.4,276.64,83.53,621.9,385.42,88.27,314.45,485.15,245.64,148.97,315.88,40.3,315.21,62.39,70.25,28.87,997.59,465.38,183.04,42.28,491.02,19.11,80.55,553.56,185.55,74.93,13.77,139.06,6.4,61.12,236.95,7.2,30.43,72.7,158.41,68.99,1,61.04,60.44,141.99,72.36,7.2,204.44,439.58,247.28,130.13,589.3,323.62,326.84,12.81,130.59,628.61,442.04,113.56,37.46,118.16
2025-12-09,15199.655,277.18,222.99,58.07,179.55,227.92,143.89,406.29,53.54,90.53,491.43,65.67,25.098,53.84,93.43,261.02,57.04,148.49,40.61,85.4,149.35,107.02,66.33,77.42,329.81,83.28,81.75,275.13,83.5,625.3,387.4,91.11,317.75,488.5,238.75,148.97,314.95,40.5,300.51,61.69,70.09,28.17,982.22,466.89,182.28,42.78,492.02,18.72,79.64,550.63,184.97,74.96,13.67,139.88,6.77,60.78,236.11,7.23,30.26,72.55,159.89,70.26,1,61.57,62.9,143.37,71.88,8.09,201.35,445.17,248.73,129.65,602.97,323.6,326.5,12.8,130.32,628.1,437.01,115.06,37.23,115.75
2025-12-10,15302.75,278.78,225.18,58.21,180.26,231.78,149.08,412.97,54.08,93.02,490.43,68.53,25.838,55.84,96.8,264.2,57.59,151.41,40.96,86.07,155.27,108.83,67.56,78.62,341.04,83.92,83.303,284.31,81.6,723.0,389.05,94.2,321.0,468.73,240.88,148.97,323.14,40.78,310.11,64.47,70.21,30.2,993.64,467.94,187.62,45.23,478.56,19.24,81.27,555.36,183.78,73.78,13.78,143.81,6.68,61.16,238.11,7.24,31.56,72.88,168.42,69.96,1,63.29,63.96,148.51,75.86,8.26,195.32,451.45,246.02,134.97,600.65,328.37,325.73,12.99,132.06,632.16,444.64,113.18,37.16,118.07
2025-12-11,15334.736,278.03,223.98,59.92,181.71,230.28,150.33,406.37,54.56,94.38,495.85,68.55,25.857,57.28,96.71,262.35,58.09,150.72,41.49,87.79,155.2,111.46,68.94,77.99,360.22,84.24,84.33,284.78,82.47,704.2,393.24,95.97,313.7,482.35,245.32,148.97,326.72,39.51,317.38,65.07,69.11,31.04,1009.38,474.88,187.01,45.11,483.47,20.55,81.21,560.04,180.93,73.62,14.01,143.43,6.79,61.69,233.54,7.26,32.02,72.86,164.75,70.38,1,63.61,65.02,149.55,76.54,8.43,195.33,446.89,242.41,134.24,593.41,336.73,345.63,13.29,134.37,633.71,445.93,115.52,37.67,117.66
2025-12-12,15172.129,278.28,223.32,60.01,180.7,226.19,148.05,359.93,55.14,92.78,499.52,68.34,25.51,57.18,95.54,262.23,56.68,149.99,40.93,89.09,156.45,111.6,66.96,76.36,359.07,83.08,83.427,284.34,82.22,671.71,395.44,88.32,310.52,484.77,242.18,148.97,326.92,37.81,318.52,65.55,70.52,30.99,1027.51,480.25,204.97,44.39,478.53,20.86,81.65,569.76,175.02,73.59,14.28,141.44,6.54,61.66,224.78,7.01,29.53,72.33,164.19,69.54,1,64.75,65.83,147.42,75.68,12.15,195.16,458.96,241.47,132.92,601.59,341.84,347.83,12.69,134.39,626.87,452.04,116.7,37.95,118.66
2025-12-15,15150.456,274.11,227.45,60.2,180.26,222.54,146.83,339.81,55.33,91.87,506.38,68.7,26.428,57.04,94.36,254.58,56.25,149.8,40.61,88.92,156.47,110.49,65.73,78.6,360.67,83.38,83.37,281.23,81.52,681.35,395.8,88.11,309.32,476.98,243.78,148.97,329.16,37.51,320.02,65.0,70.97,30.52,1062.19,484.42,206.29,43.34,474.82,21.65,81.65,575.79,176.29,72.83,13.81,141.51,6.25,60.74,218.5,6.395,28.54,72.23,159.85,69.99,1,64.02,64.97,143.47,74.15,10.93,196.16,475.31,244.56,133.96,591.2,341.1,346.89,12.77,134.44,625.96,455.71,116.79,38.43,120.98
2025-12-16,15114.918,274.61,223.67,57.98,179.13,222.56,147.15,341.3,54.81,85.4,499.84,68.0,27.852,56.57,90.77,254.91,55.97,146.75,40.45,89.39,155.12,111.62,66.37,78.77,351.9,85.32,82.97,282.46,82.47,686.22,395.89,86.29,307.73,469.79,242.61,148.97,326.8,37.31,315.55,63.91,70.37,29.92,1054.29,477.06,206.74,42.98,476.39,21.54,81.32,568.72,177.72,71.13,14.15,131.78,6.19,61.33,224.0,6.68,29.48,70.46,163.14,67.99,1,64.55,64.17,142.59,72.8,13.94,198.0,489.88,244.53,137.5,589.27,334.2,345.11,12.72,133.69,624.21,454.96,115.42,38.31,123.23
2025-12-17,14940.006,271.84,224.31,58.56,178.49,221.27,146.4,326.02,54.55,86.55,504.27,67.53,28.405,56.66,94.96,258.14,54.74,149.52,40.6,89.8,152.0,110.63,65.75,78.85,345.96,84.84,81.496,282.21,79.38,614.19,399.29,85.42,298.06,471.85,240.29,148.97,321.29,36.05,314.98,62.94,70.67,30.15,1041.79,474.79,207.87,43.76,476.12,21.54,80.29,564.19,170.94,73.05,14.37,131.99,6.13,60.18,227.34,6.44,28.92,71.55,161.73,67.71,1,63.77,65.92,139.72,71.92,12.88,199.38,467.26,240.55,139.22,585.98,331.63,344.41,12.79,132.88,617.35,449.52,115.66,39.01,122.25
2025-12-18,15058.712,272.19,222.82,58.3,174.29,226.76,146.3,329.88,54.26,86.01,503.39,67.42,28.358,56.09,92.23,257.85,54.84,147.69,40.51,88.39,151.4,111.87,65.91,77.26,344.6,84.8,82.15,287.12,79.75,639.43,398.57,86.88,303.75,466.56,240.94,148.97,322.63,36.28,313.0,62.75,70.36,29.7,1056.88,470.14,215.11,43.06,483.98,21.63,80.85,559.52,174.14,71.69,14.7,129.13,6.25,59.44,231.34,6.74,28.47,71.31,166.8,68.36,1,64.39,67.7,136.81,72.94,12.34,200.27,483.37,246.65,138.9,594.01,328.14,346.01,12.77,132.86,622.01,447.38,114.83,38.67,122.76
2025-12-19,15191.848,273.67,226.82,58.24,172.41,227.35,146.34,340.36,55.27,85.26,494.53,66.13,27.702,55.22,91.94,259.91,55.86,147.75,41.26,89.16,147.18,111.24,66.06,80.44,340.69,85.66,82.79,288.78,80.24,658.28,399.02,87.86,308.61,472.98,255.73,148.97,336.64,36.82,317.21,57.39,70.06,29.74,1071.44,474.13,209.45,43.09,485.92,23.04,79.54,568.46,180.99,71.67,14.56,128.89,6.2,59.81,233.19,6.9,29.06,72.02,169.57,69.84,1,65.33,68.76,135.01,72.75,11.16,196.73,481.2,247.4,141.74,597.88,327.42,349.25,12.72,133.64,627.56,456.2,114.36,37.93,122.24
2025-12-22,15290.555,270.97,227.91,57.85,172.53,228.43,148.89,341.45,55.88,86.49,499.95,65.7,27.412,56.14,93.31,264.63,57.91,149.8,41.48,86.87,145.38,112.38,67.43,79.14,344.27,86.53,83.88,292.78,81.74,661.81,408.23,88.4,311.33,472.03,261.22,148.97,353.52,36.37,323.09,56.45,70.21,30.225,1076.48,483.57,212.37,43.6,484.92,24.27,80.04,584.66,183.69,72.82,14.76,128.99,6.17,59.86,233.15,7.08,30.91,72.58,169.67,69.76,1,65.15,70.22,141.74,75.24,10.42,195.76,488.73,248.58,141.95,612.95,325.16,352.09,13.15,135.17,629.73,460.31,112.6,38.57,123.78
2025-12-23,15360.183,272.36,228.79,57.47,174.51,232.14,148.37,349.32,55.97,84.65,500.51,65.43,27.524,55.17,92.73,263.43,56.46,150.51,41.04,85.42,144.47,113.22,66.86,78.46,343.22,86.23,83.795,295.21,80.66,661.45,413.64,89.34,315.68,474.04,263.18,148.97,354.52,36.35,325.93,56.83,69.87,29.99,1071.64,482.55,212.68,42.65,486.85,23.11,79.79,580.06,189.21,73.46,14.65,129.12,6.11,59.41,225.82,6.94,30.48,73.07,169.53,70.46,1,64.94,70.89,139.23,74.65,10.53,197.67,485.56,249.23,140.97,604.09,324.8,353.38,13.21,135.28,632.67,459.21,110.9,38.43,123.54
2025-12-24,15409.702,273.81,229.89,57.78,174.8,232.38,148.85,350.22,56.25,85.15,501.34,66.14,27.899,55.63,91.8,265.26,56.71,150.5,41.07,85.66,146.63,114.48,67.42,79.76,343.3,86.29,84.04,295.9,81.18,667.32,411.93,89.66,315.67,474.06,262.2,148.97,355.45,36.16,329.17,57.42,70.11,30.26,1076.98,485.75,210.4,42.87,488.02,23.17,80.45,582.35,188.61,73.24,14.64,128.41,6.11,60.04,225.85,6.95,30.74,72.84,169.45,69.54,1,66.05,70.9,140.49,74.87,10.15,199.02,485.4,251.6,140.31,608.52,327.58,355.14,13.15,136.0,634.78,462.99,111.61,38.57,125.49
2025-12-25,15409.702,273.81,229.89,57.78,174.8,232.38,148.85,350.22,56.25,85.15,501.34,66.14,27.899,55.63,91.8,265.26,56.71,150.5,41.07,85.66,146.63,114.48,67.42,79.76,343.3,86.29,84.04,295.9,81.18,667.32,411.93,89.66,315.67,474.06,262.2,148.97,355.45,36.16,329.17,57.42,70.11,30.26,1076.98,485.75,210.4,42.87,488.02,23.17,80.45,582.35,188.61,73.24,14.64,128.41,6.11,60.04,225.85,6.95,30.74,72.84,169.45,69.54,1,66.05,70.9,140.49,74.87,10.15,199.02,485.4,251.6,140.31,608.52,327.58,355.14,13.15,136.0,634.78,462.99,111.61,38.57,125.49
2025-12-26,15406.48,273.4,229.98,57.91,176.41,232.52,148.52,352.13,56.17,85.39,498.3,66.49,27.786,55.58,91.54,266.08,55.08,150.02,41.26,86.32,146.32,113.56,67.57,80.42,349.88,86.85,83.83,296.33,81.56,663.46,416.74,89.57,314.96,477.13,259.85,148.97,351.13,36.2,327.91,57.31,69.87,30.61,1077.75,483.03,208.97,43.25,487.71,22.81,80.41,577.37,190.53,72.85,15.1,127.75,6.06,59.97,225.77,6.67,30.45,72.81,170.83,69.2,1,66.27,71.64,139.41,75.38,9.6,201.0,475.19,256.09,140.46,607.52,331.83,355.0,13.23,135.71,634.84,462.9,111.74,38.57,126.23
2025-12-29,15353.156,273.76,230.84,58.22,175.83,232.07,147.27,349.39,55.35,85.12,501.05,66.13,27.983,55.27,92.63,266.23,53.97,150.99,40.89,86.26,145.96,114.19,67.47,79.43,348.38,86.94,83.523,292.89,80.82,663.46,398.6,89.0,314.39,474.02,255.96,148.97,345.73,36.68,323.75,56.94,70.16,30.55,1078.73,488.87,212.54,43.45,487.1,22.41,80.27,577.78,188.22,73.66,14.89,128.59,6.27,59.49,234.65,6.57,29.19,73.12,167.88,68.765,1,65.92,70.07,138.51,75.14,9.26,203.15,459.64,255.7,141.52,604.64,328.94,354.61,12.92,134.96,632.6,459.78,112.53,38.71,125.98
2025-12-30,15332.069,273.08,229.74,58.17,176.72,232.53,146.06,349.85,55.28,85.15,503.71,66.43,28.077,56.18,94.1,265.92,53.19,152.31,40.68,86.6,145.53,114.79,67.06,76.8,348.8,86.2,83.23,291.06,80.31,659.64,398.89,88.86,314.55,473.26,255.03,148.97,341.98,37.3,323.42,56.95,70.07,30.81,1079.75,488.0,210.67,43.66,487.48,22.43,80.53,574.57,187.54,73.82,14.78,129.56,6.23,59.1,233.36,6.56,29.02,73.83,163.74,69.02,1,65.54,68.98,140.13,75.19,9.02,203.8,454.43,257.91,144.14,606.89,332.16,353.62,13.1,134.5,631.72,453.74,111.92,38.45,126.41
2025-12-31,15220.455,271.86,228.49,57.49,175.57,230.82,144.76,346.1,55.0,84.36,502.65,66.28,28.002,55.09,93.61,264.91,52.44,152.41,40.2,86.27,144.03,113.77,66.37,76.04,350.55,85.25,82.48,288.86,79.41,653.57,396.31,87.56,313.8,466.86,252.43,148.97,340.07,36.9,322.22,56.41,69.91,30.2,1074.68,483.67,207.81,43.3,483.62,22.32,80.28,570.21,186.5,73.5,14.75,129.04,6.16,58.38,229.87,6.32,28.85,73.48,160.97,69.91,1,65.09,68.8,137.96,74.28,9.03,203.04,449.72,256.03,142.24,605.01,330.11,350.71,13.03,133.49,627.13,453.36,111.41,38.36,125.82
